account_id,account_email,geelark_phone_id,multilogin_profile_id,account_password,account_totp,proxy,geo_city,strategy,business_id,business_name,business_address,business_location,business_area,business_lat,business_lng,business_goal,business_share_link,home_lat,home_lng,home_address,work_lat,work_lng,work_address,branded_searches,search_terms,local_searches,nearby_points,onsite_points,random_nearby_point,random_onsite_point,random_branded_search,random_local_search,random_search_term,business_coords,home_coords,work_coords
acc_004,jamessmithplumber1984@gmail.com,614216763072053315,7968a711-eaaf-4ae0-b7f8-6db5fccb65cb,Plumber123!!,cz5so7z6hlmu3ia63w7sr3wz53uvtx2m,http://user-spr064ffyu-country-gb:0yvMf=0W6HuribBna4@isp.decodo.com:10004,london,standard,biz_023,Smith Plumbing & Heating Specialists,London,London,london,51.5286416,-0.1015987,review,https://maps.app.goo.gl/zgDLSAn6GjhSrspe8,51.528006,-0.087887,Residential address near london,51.53326,-0.107693,Work address near london,Smith Plumbing & Heating Specialists|Smith Plumbing & Heating Specialists London|Smith Plumbing & Heating Specialists opening hours|Smith Plumbing & Heating Specialists reviews|Smith Plumbing & Heating Specialists phone number|Smith Plumbing & Heating Specialists contact|Smith Plumbing & Heating Specialists services|Smith Plumbing & Heating Specialists prices|Smith Plumbing & Heating Specialists facebook|Smith Plumbing & Heating Specialists instagram|Smith Plumbing & Heating Specialists twitter|Smith Plumbing & Heating Specialists linkedin|Smith Plumbing & Heating Specialists website|Smith Plumbing & Heating Specialists address|Smith Plumbing & Heating Specialists near me|Smith Plumbing & Heating Specialists emergency|Smith Plumbing & Heating Specialists book appointment|Smith Plumbing & Heating Specialists directions|Smith Plumbing & Heating Specialists London|best Smith Plumbing & Heating Specialists reviews,plumber london|emergency plumber london|boiler repair london|local plumber london|heating engineer london|plumbing services london|gas safe plumber london|bathroom installation london|leak repair london|radiator repair london|toilet repair london|pipe replacement london|kitchen plumber london|shower installation london|tap repair london|drain unblocking london|central heating london|underfloor heating london|plumbing company london|24 hour plumber london,emergency plumber London|leak detection London|blocked drain London|plumber London|local plumber London|plumbing services London|gas safe plumber London|boiler repair London|central heating London|bathroom installation London|shower installation London|tap repair London|toilet repair London|radiator repair London|pipe replacement London|drain unblocking London|underfloor heating London|water leak London|burst pipe London|24 hour plumber London|cheap plumber London|best plumber London|plumber near me London|heating engineer London|kitchen plumber London|plumbing company London|emergency plumbing London|commercial plumber London|residential plumber London,"51.526651,-0.104758|51.53104,-0.105742|51.526661,-0.110625|51.536799,-0.086847|51.523011,-0.106082|51.53473,-0.081453|51.533835,-0.092535|51.526378,-0.099567|51.518541,-0.103053|51.515428,-0.095255|51.535775,-0.097323|51.52451,-0.091861|51.527476,-0.099396|51.522451,-0.102649|51.524571,-0.106495|51.525174,-0.110258|51.526923,-0.104954|51.536753,-0.103512|51.525679,-0.101955|51.535876,-0.105047","51.528799,-0.101904|51.528656,-0.101335|51.528668,-0.101918|51.528743,-0.101444|51.528686,-0.101596|51.528631,-0.101519|51.528644,-0.101601|51.528558,-0.101807|51.528481,-0.101348|51.528582,-0.101862","51.522451,-0.102649","51.528656,-0.101335",Smith Plumbing & Heating Specialists twitter,central heating London,local plumber london,"51.5286416,-0.1015987","51.528006,-0.087887","51.53326,-0.107693"
acc_005,oliverjohnsondrains@gmail.com,614216769833271363,fba31c86-6446-4205-866d-5a00d0161621,Plumber123!!,cmqzalp7kock7m6vubfeypuz7ywamccr,http://user-spr064ffyu-country-gb:0yvMf=0W6HuribBna4@isp.decodo.com:10005,london,standard,biz_001,Southwark Plumbers,"12 Crosby Row, London SE1 3PT","Southwark, London",south_east_london,51.501364,-0.088611,review,https://maps.app.goo.gl/GZXa2QmwNhm7hNQW9,51.500749,-0.128356,Residential address near south_east_london,51.497655,-0.083149,Work address near south_east_london,Southwark Plumbers|Southwark Plumbers Southwark|Southwark Plumbers opening hours|Southwark Plumbers reviews|Southwark Plumbers phone number|Southwark Plumbers contact|Southwark Plumbers services|Southwark Plumbers prices|Southwark Plumbers facebook|Southwark Plumbers instagram|Southwark Plumbers twitter|Southwark Plumbers linkedin|Southwark Plumbers website|Southwark Plumbers address|Southwark Plumbers near me|Southwark Plumbers emergency|Southwark Plumbers book appointment|Southwark Plumbers directions|Southwark Plumbers 12 Crosby Row|best Southwark Plumbers reviews,plumber near me|emergency plumber|boiler repair|local plumber|heating engineer|plumbing services|gas safe plumber|bathroom installation|leak repair|radiator repair|toilet repair|pipe replacement|kitchen plumber|shower installation|tap repair|drain unblocking|central heating|underfloor heating|plumbing company|24 hour plumber,emergency plumber Southwark|leak detection Southwark|blocked drain Southwark|plumber Southwark|local plumber Southwark|plumbing services Southwark|gas safe plumber Southwark|boiler repair Southwark|central heating Southwark|bathroom installation Southwark|shower installation Southwark|tap repair Southwark|toilet repair Southwark|radiator repair Southwark|pipe replacement Southwark|drain unblocking Southwark|underfloor heating Southwark|water leak Southwark|burst pipe Southwark|24 hour plumber Southwark|cheap plumber Southwark|best plumber Southwark|plumber near me Southwark|heating engineer Southwark|kitchen plumber Southwark|plumbing company Southwark|emergency plumbing Southwark|commercial plumber Southwark|residential plumber Southwark,"51.500742,-0.088169|51.501804,-0.088349|51.498965,-0.09572|51.504204,-0.091848|51.503845,-0.098245|51.501176,-0.090773|51.499753,-0.074775|51.498889,-0.108602|51.511256,-0.085978|51.500158,-0.091726|51.499842,-0.093435|51.512271,-0.085934|51.492028,-0.101694|51.500717,-0.098173|51.501216,-0.08664|51.505084,-0.087036|51.492155,-0.093851|51.501086,-0.085245|51.490677,-0.075188|51.500848,-0.089611","51.501449,-0.088256|51.501307,-0.088712|51.50146,-0.088696|51.501492,-0.088879|51.501266,-0.088852|51.501222,-0.088613|51.501535,-0.088323|51.501433,-0.088909|51.501491,-0.088685|51.501218,-0.088806","51.500742,-0.088169","51.501307,-0.088712",Southwark Plumbers near me,plumber near me Southwark,emergency plumber,"51.501364,-0.088611","51.500749,-0.128356","51.497655,-0.083149"
acc_006,williambrown314809@gmail.com,614216773910135154,2a5a3c6b-c7e1-4c54-801d-898fb667a961,Plumber123!!,bgqfafgy3m7nml4us4qnazbmehybydbi,http://user-spr064ffyu-country-gb:0yvMf=0W6HuribBna4@isp.decodo.com:10006,london,standard,biz_003,Ruby Plumbers Rainham,"9 Ferro Rd, Rainham RM13 9TP","Rainham, London",east_london,51.517356,0.195738,review,https://maps.app.goo.gl/5XnChhimgSc2Sm3y8,51.510654,0.186319,Residential address near east_london,51.521184,0.211874,Work address near east_london,Ruby Plumbers Rainham|Ruby Plumbers Rainham Rainham|Ruby Plumbers Rainham opening hours|Ruby Plumbers Rainham reviews|Ruby Plumbers Rainham phone number|Ruby Plumbers Rainham contact|Ruby Plumbers Rainham services|Ruby Plumbers Rainham prices|Ruby Plumbers Rainham facebook|Ruby Plumbers Rainham instagram|Ruby Plumbers Rainham twitter|Ruby Plumbers Rainham linkedin|Ruby Plumbers Rainham website|Ruby Plumbers Rainham address|Ruby Plumbers Rainham near me|Ruby Plumbers Rainham emergency|Ruby Plumbers Rainham book appointment|Ruby Plumbers Rainham directions|Ruby Plumbers Rainham 9 Ferro Rd|best Ruby Plumbers Rainham reviews,plumber near me|emergency plumber|boiler repair|local plumber|heating engineer|plumbing services|gas safe plumber|bathroom installation|leak repair|radiator repair|toilet repair|pipe replacement|kitchen plumber|shower installation|tap repair|drain unblocking|central heating|underfloor heating|plumbing company|24 hour plumber,emergency plumber Rainham|leak detection Rainham|blocked drain Rainham|plumber Rainham|local plumber Rainham|plumbing services Rainham|gas safe plumber Rainham|boiler repair Rainham|central heating Rainham|bathroom installation Rainham|shower installation Rainham|tap repair Rainham|toilet repair Rainham|radiator repair Rainham|pipe replacement Rainham|drain unblocking Rainham|underfloor heating Rainham|water leak Rainham|burst pipe Rainham|24 hour plumber Rainham|cheap plumber Rainham|best plumber Rainham|plumber near me Rainham|heating engineer Rainham|kitchen plumber Rainham|plumbing company Rainham|emergency plumbing Rainham|commercial plumber Rainham|residential plumber Rainham,"51.515855,0.182574|51.513881,0.210675|51.509607,0.215301|51.507309,0.196582|51.51537,0.202726|51.5262,0.193022|51.520708,0.19769|51.516807,0.174315|51.513626,0.200064|51.521204,0.191879|51.512225,0.204018|51.51391,0.203769|51.51062,0.205644|51.509398,0.208376|51.521566,0.211257|51.513458,0.191717|51.523509,0.2024|51.516392,0.191282|51.519824,0.218188|51.514533,0.198033","51.517371,0.196027|51.517555,0.195672|51.517433,0.195439|51.517432,0.195793|51.517384,0.195825|51.517433,0.195812|51.517345,0.19613|51.517284,0.196043|51.517208,0.195942|51.517283,0.195598","51.514533,0.198033","51.517384,0.195825",Ruby Plumbers Rainham 9 Ferro Rd,blocked drain Rainham,kitchen plumber,"51.517356,0.195738","51.510654,0.186319","51.521184,0.211874"
acc_007,danniharbourne@gmail.com,614216777836003395,ac09b285-6c64-4b0f-a27e-bda7d18591ea,Plumber123!!,ywbawdgl2j7qn2agqiusys7bxahqbv6n,http://user-spr064ffyu-country-gb:0yvMf=0W6HuribBna4@isp.decodo.com:10007,london,standard,biz_004,Prema Plumbing Putney,"115 Upper Richmond Rd, London SW15 2AD","Putney, London",south_west_london,51.459409,-0.214409,review,https://maps.app.goo.gl/rokJx2UXNm1MLo5J7,51.439696,-0.216263,Residential address near south_west_london,51.466459,-0.211432,Work address near south_west_london,Prema Plumbing Putney|Prema Plumbing Putney Putney|Prema Plumbing Putney opening hours|Prema Plumbing Putney reviews|Prema Plumbing Putney phone number|Prema Plumbing Putney contact|Prema Plumbing Putney services|Prema Plumbing Putney prices|Prema Plumbing Putney facebook|Prema Plumbing Putney instagram|Prema Plumbing Putney twitter|Prema Plumbing Putney linkedin|Prema Plumbing Putney website|Prema Plumbing Putney address|Prema Plumbing Putney near me|Prema Plumbing Putney emergency|Prema Plumbing Putney book appointment|Prema Plumbing Putney directions|Prema Plumbing Putney 115 Upper Richmond Rd|best Prema Plumbing Putney reviews,plumber near me|emergency plumber|boiler repair|local plumber|heating engineer|plumbing services|gas safe plumber|bathroom installation|leak repair|radiator repair|toilet repair|pipe replacement|kitchen plumber|shower installation|tap repair|drain unblocking|central heating|underfloor heating|plumbing company|24 hour plumber,emergency plumber Putney|leak detection Putney|blocked drain Putney|plumber Putney|local plumber Putney|plumbing services Putney|gas safe plumber Putney|boiler repair Putney|central heating Putney|bathroom installation Putney|shower installation Putney|tap repair Putney|toilet repair Putney|radiator repair Putney|pipe replacement Putney|drain unblocking Putney|underfloor heating Putney|water leak Putney|burst pipe Putney|24 hour plumber Putney|cheap plumber Putney|best plumber Putney|plumber near me Putney|heating engineer Putney|kitchen plumber Putney|plumbing company Putney|emergency plumbing Putney|commercial plumber Putney|residential plumber Putney,"51.451753,-0.220253|51.459312,-0.204275|51.456414,-0.227134|51.463694,-0.222176|51.467436,-0.207091|51.456463,-0.215663|51.458471,-0.221922|51.458465,-0.213745|51.466142,-0.228535|51.462799,-0.215533|51.461206,-0.209874|51.453092,-0.224221|51.459293,-0.213026|51.460481,-0.236525|51.470249,-0.21348|51.457956,-0.208775|51.45828,-0.210592|51.454336,-0.235012|51.456681,-0.211269|51.448269,-0.22602","51.459497,-0.214504|51.459419,-0.214132|51.459453,-0.214316|51.459219,-0.214416|51.459397,-0.214398|51.459421,-0.214287|51.459371,-0.214615|51.459568,-0.214458|51.459188,-0.214486|51.459361,-0.214358","51.463694,-0.222176","51.459421,-0.214287",Prema Plumbing Putney opening hours,leak detection Putney,underfloor heating,"51.459409,-0.214409","51.439696,-0.216263","51.466459,-0.211432"
acc_008,dennislambartt@gmail.com,614216782181302642,3ebc6f4a-a2db-4036-b06e-6dcc14aafec6,Plumber123!!,kp63ypoJcwv4w2udtuYtzrvbfj33cp72,http://user-spr064ffyu-country-gb:0yvMf=0W6HuribBna4@isp.decodo.com:10008,london,standard,biz_005,Streatham Plumbing & Heating Ltd,"13B Shrubbery Rd, London SW16 2AS","Streatham, London",south_west_london,51.430107,-0.128285,edit,https://maps.app.goo.gl/jFnJ1jdFAnEYFxny8,51.408489,-0.148358,Residential address near south_west_london,51.44077,-0.101731,Work address near south_west_london,Streatham Plumbing & Heating Ltd|Streatham Plumbing & Heating Ltd Streatham|Streatham Plumbing & Heating Ltd opening hours|Streatham Plumbing & Heating Ltd reviews|Streatham Plumbing & Heating Ltd phone number|Streatham Plumbing & Heating Ltd contact|Streatham Plumbing & Heating Ltd services|Streatham Plumbing & Heating Ltd prices|Streatham Plumbing & Heating Ltd facebook|Streatham Plumbing & Heating Ltd instagram|Streatham Plumbing & Heating Ltd twitter|Streatham Plumbing & Heating Ltd linkedin|Streatham Plumbing & Heating Ltd website|Streatham Plumbing & Heating Ltd address|Streatham Plumbing & Heating Ltd near me|Streatham Plumbing & Heating Ltd emergency|Streatham Plumbing & Heating Ltd book appointment|Streatham Plumbing & Heating Ltd directions|Streatham Plumbing & Heating Ltd 13B Shrubbery Rd|best Streatham Plumbing & Heating Ltd reviews,plumber near me|emergency plumber|boiler repair|local plumber|heating engineer|plumbing services|gas safe plumber|bathroom installation|leak repair|radiator repair|toilet repair|pipe replacement|kitchen plumber|shower installation|tap repair|drain unblocking|central heating|underfloor heating|plumbing company|24 hour plumber,emergency plumber Streatham|leak detection Streatham|blocked drain Streatham|plumber Streatham|local plumber Streatham|plumbing services Streatham|gas safe plumber Streatham|boiler repair Streatham|central heating Streatham|bathroom installation Streatham|shower installation Streatham|tap repair Streatham|toilet repair Streatham|radiator repair Streatham|pipe replacement Streatham|drain unblocking Streatham|underfloor heating Streatham|water leak Streatham|burst pipe Streatham|24 hour plumber Streatham|cheap plumber Streatham|best plumber Streatham|plumber near me Streatham|heating engineer Streatham|kitchen plumber Streatham|plumbing company Streatham|emergency plumbing Streatham|commercial plumber Streatham|residential plumber Streatham,"51.435042,-0.110429|51.430398,-0.126566|51.429023,-0.126098|51.427776,-0.121215|51.42652,-0.131698|51.441136,-0.128567|51.426065,-0.146592|51.421555,-0.123482|51.436156,-0.137277|51.427871,-0.134662|51.42559,-0.125277|51.437024,-0.127863|51.430529,-0.143826|51.427217,-0.138943|51.419011,-0.141758|51.43026,-0.12616|51.436885,-0.143587|51.434467,-0.130944|51.42649,-0.108019|51.429993,-0.131066","51.43006,-0.128378|51.430176,-0.127903|51.429902,-0.128109|51.430259,-0.128307|51.43009,-0.128108|51.430028,-0.128231|51.430091,-0.128215|51.43011,-0.128193|51.430358,-0.128171|51.430143,-0.128709","51.42649,-0.108019","51.43006,-0.128378",Streatham Plumbing & Heating Ltd prices,commercial plumber Streatham,boiler repair,"51.430107,-0.128285","51.408489,-0.148358","51.44077,-0.101731"
acc_010,bradyjazeel@gmail.com,614216786023284803,e6f54f5f-6465-420c-b93b-cdbaf26491b8,Plumber123!!,efqbuazxlqgygn3bxtri65x7taszp4gh,http://user-spr064ffyu-country-gb:0yvMf=0W6HuribBna4@isp.decodo.com:10010,london,standard,biz_006,Camberwell Plumbing & Heating Ltd,"14 Tillings Cl, London SE5 0BX","Camberwell, London",south_east_london,51.474058,-0.0939,edit,https://maps.app.goo.gl/JjSW28UXGUEkHXh8A,51.466196,-0.084735,Residential address near south_east_london,51.469975,-0.10463,Work address near south_east_london,Camberwell Plumbing & Heating Ltd|Camberwell Plumbing & Heating Ltd Camberwell|Camberwell Plumbing & Heating Ltd opening hours|Camberwell Plumbing & Heating Ltd reviews|Camberwell Plumbing & Heating Ltd phone number|Camberwell Plumbing & Heating Ltd contact|Camberwell Plumbing & Heating Ltd services|Camberwell Plumbing & Heating Ltd prices|Camberwell Plumbing & Heating Ltd facebook|Camberwell Plumbing & Heating Ltd instagram|Camberwell Plumbing & Heating Ltd twitter|Camberwell Plumbing & Heating Ltd linkedin|Camberwell Plumbing & Heating Ltd website|Camberwell Plumbing & Heating Ltd address|Camberwell Plumbing & Heating Ltd near me|Camberwell Plumbing & Heating Ltd emergency|Camberwell Plumbing & Heating Ltd book appointment|Camberwell Plumbing & Heating Ltd directions|Camberwell Plumbing & Heating Ltd 14 Tillings Cl|best Camberwell Plumbing & Heating Ltd reviews,plumber near me|emergency plumber|boiler repair|local plumber|heating engineer|plumbing services|gas safe plumber|bathroom installation|leak repair|radiator repair|toilet repair|pipe replacement|kitchen plumber|shower installation|tap repair|drain unblocking|central heating|underfloor heating|plumbing company|24 hour plumber,emergency plumber Camberwell|leak detection Camberwell|blocked drain Camberwell|plumber Camberwell|local plumber Camberwell|plumbing services Camberwell|gas safe plumber Camberwell|boiler repair Camberwell|central heating Camberwell|bathroom installation Camberwell|shower installation Camberwell|tap repair Camberwell|toilet repair Camberwell|radiator repair Camberwell|pipe replacement Camberwell|drain unblocking Camberwell|underfloor heating Camberwell|water leak Camberwell|burst pipe Camberwell|24 hour plumber Camberwell|cheap plumber Camberwell|best plumber Camberwell|plumber near me Camberwell|heating engineer Camberwell|kitchen plumber Camberwell|plumbing company Camberwell|emergency plumbing Camberwell|commercial plumber Camberwell|residential plumber Camberwell,"51.481911,-0.111513|51.486553,-0.104004|51.481337,-0.103631|51.471059,-0.091211|51.480037,-0.084955|51.475168,-0.093843|51.486372,-0.085055|51.480819,-0.101716|51.473179,-0.086891|51.476096,-0.091149|51.478057,-0.096935|51.475432,-0.093356|51.470013,-0.103197|51.4843,-0.081565|51.476961,-0.083189|51.469294,-0.099104|51.476954,-0.083818|51.481187,-0.081008|51.462138,-0.083116|51.477053,-0.107513","51.474314,-0.093766|51.474211,-0.094095|51.474005,-0.093523|51.47407,-0.093623|51.473961,-0.094116|51.474055,-0.093736|51.474101,-0.094013|51.474095,-0.094213|51.474026,-0.093579|51.474046,-0.093888","51.475168,-0.093843","51.474211,-0.094095",best Camberwell Plumbing & Heating Ltd reviews,plumbing services Camberwell,central heating,"51.474058,-0.0939","51.466196,-0.084735","51.469975,-0.10463"
acc_012,andrewjocobyte@gmail.com,614216790150480242,4d6e5cb7-bd80-4acc-80d2-50c18acf30e2,Plumber123!!,dutw2k6kxc4mf5h34ftb7gacqico6lji,http://user-spr064ffyu-country-gb:0yvMf=0W6HuribBna4@isp.decodo.com:10012,london,standard,biz_007,Mitcham Plumbing and Heating,"24 Chatsworth Pl, Mitcham CR4 4NN","Mitcham, London",south_london,51.402959,-0.165912,review,https://maps.app.goo.gl/MAGaYhpJ1P8gNPyD9,51.392276,-0.193204,Residential address near south_london,51.396223,-0.156904,Work address near south_london,Mitcham Plumbing and Heating|Mitcham Plumbing and Heating Mitcham|Mitcham Plumbing and Heating opening hours|Mitcham Plumbing and Heating reviews|Mitcham Plumbing and Heating phone number|Mitcham Plumbing and Heating contact|Mitcham Plumbing and Heating services|Mitcham Plumbing and Heating prices|Mitcham Plumbing and Heating facebook|Mitcham Plumbing and Heating instagram|Mitcham Plumbing and Heating twitter|Mitcham Plumbing and Heating linkedin|Mitcham Plumbing and Heating website|Mitcham Plumbing and Heating address|Mitcham Plumbing and Heating near me|Mitcham Plumbing and Heating emergency|Mitcham Plumbing and Heating book appointment|Mitcham Plumbing and Heating directions|Mitcham Plumbing and Heating 24 Chatsworth Pl|best Mitcham Plumbing and Heating reviews,plumber near me|emergency plumber|boiler repair|local plumber|heating engineer|plumbing services|gas safe plumber|bathroom installation|leak repair|radiator repair|toilet repair|pipe replacement|kitchen plumber|shower installation|tap repair|drain unblocking|central heating|underfloor heating|plumbing company|24 hour plumber,emergency plumber Mitcham|leak detection Mitcham|blocked drain Mitcham|plumber Mitcham|local plumber Mitcham|plumbing services Mitcham|gas safe plumber Mitcham|boiler repair Mitcham|central heating Mitcham|bathroom installation Mitcham|shower installation Mitcham|tap repair Mitcham|toilet repair Mitcham|radiator repair Mitcham|pipe replacement Mitcham|drain unblocking Mitcham|underfloor heating Mitcham|water leak Mitcham|burst pipe Mitcham|24 hour plumber Mitcham|cheap plumber Mitcham|best plumber Mitcham|plumber near me Mitcham|heating engineer Mitcham|kitchen plumber Mitcham|plumbing company Mitcham|emergency plumbing Mitcham|commercial plumber Mitcham|residential plumber Mitcham,"51.401232,-0.183667|51.401297,-0.177783|51.4069,-0.163426|51.405968,-0.145085|51.401228,-0.163903|51.402202,-0.171561|51.396184,-0.170389|51.41076,-0.184487|51.410649,-0.180458|51.394875,-0.168936|51.399972,-0.183069|51.416557,-0.1593|51.393297,-0.158003|51.396092,-0.181|51.401192,-0.173436|51.403511,-0.148489|51.410745,-0.149775|51.401594,-0.161267|51.395164,-0.150576|51.405886,-0.184768","51.402846,-0.166044|51.402969,-0.165859|51.402837,-0.165648|51.402901,-0.166177|51.402965,-0.16592|51.402967,-0.165898|51.402956,-0.165912|51.402908,-0.166004|51.402961,-0.165908|51.403098,-0.166087","51.410649,-0.180458","51.402967,-0.165898",Mitcham Plumbing and Heating directions,shower installation Mitcham,emergency plumber,"51.402959,-0.165912","51.392276,-0.193204","51.396223,-0.156904"
acc_013,billyhavenstock@gmail.com,614216794093125699,5d295f6c-7214-416a-b201-f26410a7da0b,Plumber123!!,qluux3g3i4rvaleqbfo3rlf6kt6hjcjj,http://user-spr064ffyu-country-gb:0yvMf=0W6HuribBna4@isp.decodo.com:10013,london,standard,biz_008,Woolwich Plumbing & Heating,"Windrush House, London SE18 6EL","Woolwich, London",south_east_london,51.489181,0.068107,review,https://maps.app.goo.gl/TdfVwksigLJvDmeN7,51.48983,0.031054,Residential address near south_east_london,51.472227,0.074661,Work address near south_east_london,Woolwich Plumbing & Heating|Woolwich Plumbing & Heating Woolwich|Woolwich Plumbing & Heating opening hours|Woolwich Plumbing & Heating reviews|Woolwich Plumbing & Heating phone number|Woolwich Plumbing & Heating contact|Woolwich Plumbing & Heating services|Woolwich Plumbing & Heating prices|Woolwich Plumbing & Heating facebook|Woolwich Plumbing & Heating instagram|Woolwich Plumbing & Heating twitter|Woolwich Plumbing & Heating linkedin|Woolwich Plumbing & Heating website|Woolwich Plumbing & Heating address|Woolwich Plumbing & Heating near me|Woolwich Plumbing & Heating emergency|Woolwich Plumbing & Heating book appointment|Woolwich Plumbing & Heating directions|Woolwich Plumbing & Heating Windrush House|best Woolwich Plumbing & Heating reviews,plumber near me|emergency plumber|boiler repair|local plumber|heating engineer|plumbing services|gas safe plumber|bathroom installation|leak repair|radiator repair|toilet repair|pipe replacement|kitchen plumber|shower installation|tap repair|drain unblocking|central heating|underfloor heating|plumbing company|24 hour plumber,emergency plumber Woolwich|leak detection Woolwich|blocked drain Woolwich|plumber Woolwich|local plumber Woolwich|plumbing services Woolwich|gas safe plumber Woolwich|boiler repair Woolwich|central heating Woolwich|bathroom installation Woolwich|shower installation Woolwich|tap repair Woolwich|toilet repair Woolwich|radiator repair Woolwich|pipe replacement Woolwich|drain unblocking Woolwich|underfloor heating Woolwich|water leak Woolwich|burst pipe Woolwich|24 hour plumber Woolwich|cheap plumber Woolwich|best plumber Woolwich|plumber near me Woolwich|heating engineer Woolwich|kitchen plumber Woolwich|plumbing company Woolwich|emergency plumbing Woolwich|commercial plumber Woolwich|residential plumber Woolwich,"51.477977,0.081185|51.489576,0.066269|51.482095,0.063682|51.478585,0.066436|51.497958,0.06775|51.488598,0.071209|51.483455,0.059126|51.484549,0.086566|51.48628,0.069666|51.493127,0.050922|51.488714,0.068819|51.481522,0.050479|51.500978,0.071813|51.499821,0.062143|51.493905,0.087161|51.486973,0.059506|51.500458,0.061753|51.476126,0.077655|51.495924,0.084848|51.493772,0.074355","51.489169,0.068152|51.489065,0.067744|51.489228,0.068227|51.489123,0.067814|51.489402,0.068327|51.489181,0.0681|51.48944,0.068041|51.488969,0.068235|51.489216,0.068263|51.489131,0.068084","51.476126,0.077655","51.489131,0.068084",Woolwich Plumbing & Heating Woolwich,boiler repair Woolwich,heating engineer,"51.489181,0.068107","51.48983,0.031054","51.472227,0.074661"
acc_014,jacobsiesta38@gmail.com,614216798086103107,376b1940-ba05-4194-b0e1-29521086ca53,Plumber123!!,xzyd2szdtjnenp2hmwk5wb4ksfi662ae,http://user-spr064ffyu-country-gb:0yvMf=0W6HuribBna4@isp.decodo.com:10014,london,standard,biz_010,Fix-A-Leak Plumber Walthamstow Ltd,"484-512 Forest Rd, London E17 4PZ","Walthamstow, London",east_london,51.590344,-0.01961,review,https://maps.app.goo.gl/CQgSKTJ48yLuhY6B8,51.564955,-0.034946,Residential address near east_london,51.599534,-0.006084,Work address near east_london,Fix-A-Leak Plumber Walthamstow Ltd|Fix-A-Leak Plumber Walthamstow Ltd Walthamstow|Fix-A-Leak Plumber Walthamstow Ltd opening hours|Fix-A-Leak Plumber Walthamstow Ltd reviews|Fix-A-Leak Plumber Walthamstow Ltd phone number|Fix-A-Leak Plumber Walthamstow Ltd contact|Fix-A-Leak Plumber Walthamstow Ltd services|Fix-A-Leak Plumber Walthamstow Ltd prices|Fix-A-Leak Plumber Walthamstow Ltd facebook|Fix-A-Leak Plumber Walthamstow Ltd instagram|Fix-A-Leak Plumber Walthamstow Ltd twitter|Fix-A-Leak Plumber Walthamstow Ltd linkedin|Fix-A-Leak Plumber Walthamstow Ltd website|Fix-A-Leak Plumber Walthamstow Ltd address|Fix-A-Leak Plumber Walthamstow Ltd near me|Fix-A-Leak Plumber Walthamstow Ltd emergency|Fix-A-Leak Plumber Walthamstow Ltd book appointment|Fix-A-Leak Plumber Walthamstow Ltd directions|Fix-A-Leak Plumber Walthamstow Ltd 484-512 Forest Rd|best Fix-A-Leak Plumber Walthamstow Ltd reviews,plumber near me|emergency plumber|boiler repair|local plumber|heating engineer|plumbing services|gas safe plumber|bathroom installation|leak repair|radiator repair|toilet repair|pipe replacement|kitchen plumber|shower installation|tap repair|drain unblocking|central heating|underfloor heating|plumbing company|24 hour plumber,emergency plumber Walthamstow|leak detection Walthamstow|blocked drain Walthamstow|plumber Walthamstow|local plumber Walthamstow|plumbing services Walthamstow|gas safe plumber Walthamstow|boiler repair Walthamstow|central heating Walthamstow|bathroom installation Walthamstow|shower installation Walthamstow|tap repair Walthamstow|toilet repair Walthamstow|radiator repair Walthamstow|pipe replacement Walthamstow|drain unblocking Walthamstow|underfloor heating Walthamstow|water leak Walthamstow|burst pipe Walthamstow|24 hour plumber Walthamstow|cheap plumber Walthamstow|best plumber Walthamstow|plumber near me Walthamstow|heating engineer Walthamstow|kitchen plumber Walthamstow|plumbing company Walthamstow|emergency plumbing Walthamstow|commercial plumber Walthamstow|residential plumber Walthamstow,"51.584746,-0.020693|51.595466,-0.013698|51.585786,-0.032204|51.587481,-0.011519|51.590254,-0.026149|51.580027,-0.023191|51.591411,-0.019957|51.592608,-0.015867|51.603955,-0.015833|51.598632,-0.034307|51.590166,-0.010153|51.587631,-0.012768|51.596349,-0.000888|51.577939,-0.022463|51.590829,-0.018979|51.589829,-0.020372|51.595608,-0.039752|51.591381,-0.004752|51.587596,-0.009651|51.585958,-0.012868","51.59047,-0.01999|51.590198,-0.019557|51.590571,-0.019642|51.590391,-0.019806|51.590377,-0.019878|51.59032,-0.019664|51.590275,-0.019609|51.590384,-0.019497|51.590439,-0.019669|51.590361,-0.019489","51.590829,-0.018979","51.590391,-0.019806",Fix-A-Leak Plumber Walthamstow Ltd website,commercial plumber Walthamstow,pipe replacement,"51.590344,-0.01961","51.564955,-0.034946","51.599534,-0.006084"
acc_015,masonhaggerley@gmail.com,614216802213298243,425aec27-1700-4447-b95c-4dca91b3172d,Plumber123!!,b4s2p3vq4xzm2qxwm2okpqvu6yoexdzo,http://user-spr064ffyu-country-gb:0yvMf=0W6HuribBna4@isp.decodo.com:10015,london,standard,biz_011,Crystal Palace Plumbing and Home Maintenance,"10 Vicars Oak Rd, Norwood, London SE19 1HE","Crystal Palace, London",south_east_london,51.420303,-0.084228,review,https://maps.app.goo.gl/pb9cYoc9cBGZWp2q8,51.414139,-0.098794,Residential address near south_east_london,51.42275,-0.0579,Work address near south_east_london,Crystal Palace Plumbing and Home Maintenance|Crystal Palace Plumbing and Home Maintenance Crystal Palace|Crystal Palace Plumbing and Home Maintenance opening hours|Crystal Palace Plumbing and Home Maintenance reviews|Crystal Palace Plumbing and Home Maintenance phone number|Crystal Palace Plumbing and Home Maintenance contact|Crystal Palace Plumbing and Home Maintenance services|Crystal Palace Plumbing and Home Maintenance prices|Crystal Palace Plumbing and Home Maintenance facebook|Crystal Palace Plumbing and Home Maintenance instagram|Crystal Palace Plumbing and Home Maintenance twitter|Crystal Palace Plumbing and Home Maintenance linkedin|Crystal Palace Plumbing and Home Maintenance website|Crystal Palace Plumbing and Home Maintenance address|Crystal Palace Plumbing and Home Maintenance near me|Crystal Palace Plumbing and Home Maintenance emergency|Crystal Palace Plumbing and Home Maintenance book appointment|Crystal Palace Plumbing and Home Maintenance directions|Crystal Palace Plumbing and Home Maintenance 10 Vicars Oak Rd|best Crystal Palace Plumbing and Home Maintenance reviews,plumber near me|emergency plumber|boiler repair|local plumber|heating engineer|plumbing services|gas safe plumber|bathroom installation|leak repair|radiator repair|toilet repair|pipe replacement|kitchen plumber|shower installation|tap repair|drain unblocking|central heating|underfloor heating|plumbing company|24 hour plumber,emergency plumber Crystal Palace|leak detection Crystal Palace|blocked drain Crystal Palace|plumber Crystal Palace|local plumber Crystal Palace|plumbing services Crystal Palace|gas safe plumber Crystal Palace|boiler repair Crystal Palace|central heating Crystal Palace|bathroom installation Crystal Palace|shower installation Crystal Palace|tap repair Crystal Palace|toilet repair Crystal Palace|radiator repair Crystal Palace|pipe replacement Crystal Palace|drain unblocking Crystal Palace|underfloor heating Crystal Palace|water leak Crystal Palace|burst pipe Crystal Palace|24 hour plumber Crystal Palace|cheap plumber Crystal Palace|best plumber Crystal Palace|plumber near me Crystal Palace|heating engineer Crystal Palace|kitchen plumber Crystal Palace|plumbing company Crystal Palace|emergency plumbing Crystal Palace|commercial plumber Crystal Palace|residential plumber Crystal Palace,"51.4178,-0.08801|51.429244,-0.078082|51.425965,-0.074577|51.421794,-0.085557|51.420179,-0.082402|51.421522,-0.065489|51.425856,-0.066377|51.420263,-0.088782|51.421109,-0.073143|51.427605,-0.074903|51.420795,-0.078122|51.421451,-0.08765|51.423104,-0.082785|51.424974,-0.069802|51.421752,-0.077113|51.4293,-0.071077|51.421216,-0.088953|51.409366,-0.070431|51.414426,-0.075419|51.416375,-0.091011","51.420361,-0.084407|51.420342,-0.084159|51.420468,-0.084336|51.420315,-0.084351|51.420291,-0.084221|51.420502,-0.084082|51.420095,-0.084228|51.420464,-0.084235|51.420274,-0.084378|51.420404,-0.084191","51.421752,-0.077113","51.420361,-0.084407",Crystal Palace Plumbing and Home Maintenance linkedin,tap repair Crystal Palace,toilet repair,"51.420303,-0.084228","51.414139,-0.098794","51.42275,-0.0579"
acc_018,vincehawthorne92@gmail.com,614216806256607602,ed5de7a7-b83e-4541-93be-f18336d5ccca,Plumber123!!,o3q66o555ah43n3kxkmbrx7a3sbynoz6,http://user-spr064ffyu-country-gb:0yvMf=0W6HuribBna4@isp.decodo.com:10018,london,standard,biz_012,KO Edmonton Plumbing and Heating Ltd,"82 Galahad Rd, London N9 9WL","Edmonton, London",north_london,51.624182,-0.062116,review,https://maps.app.goo.gl/G94xtu5dGu4QQKHX6,51.633926,-0.072265,Residential address near north_london,51.618431,-0.056472,Work address near north_london,KO Edmonton Plumbing and Heating Ltd|KO Edmonton Plumbing and Heating Ltd Edmonton|KO Edmonton Plumbing and Heating Ltd opening hours|KO Edmonton Plumbing and Heating Ltd reviews|KO Edmonton Plumbing and Heating Ltd phone number|KO Edmonton Plumbing and Heating Ltd contact|KO Edmonton Plumbing and Heating Ltd services|KO Edmonton Plumbing and Heating Ltd prices|KO Edmonton Plumbing and Heating Ltd facebook|KO Edmonton Plumbing and Heating Ltd instagram|KO Edmonton Plumbing and Heating Ltd twitter|KO Edmonton Plumbing and Heating Ltd linkedin|KO Edmonton Plumbing and Heating Ltd website|KO Edmonton Plumbing and Heating Ltd address|KO Edmonton Plumbing and Heating Ltd near me|KO Edmonton Plumbing and Heating Ltd emergency|KO Edmonton Plumbing and Heating Ltd book appointment|KO Edmonton Plumbing and Heating Ltd directions|KO Edmonton Plumbing and Heating Ltd 82 Galahad Rd|best KO Edmonton Plumbing and Heating Ltd reviews,plumber near me|emergency plumber|boiler repair|local plumber|heating engineer|plumbing services|gas safe plumber|bathroom installation|leak repair|radiator repair|toilet repair|pipe replacement|kitchen plumber|shower installation|tap repair|drain unblocking|central heating|underfloor heating|plumbing company|24 hour plumber,emergency plumber Edmonton|leak detection Edmonton|blocked drain Edmonton|plumber Edmonton|local plumber Edmonton|plumbing services Edmonton|gas safe plumber Edmonton|boiler repair Edmonton|central heating Edmonton|bathroom installation Edmonton|shower installation Edmonton|tap repair Edmonton|toilet repair Edmonton|radiator repair Edmonton|pipe replacement Edmonton|drain unblocking Edmonton|underfloor heating Edmonton|water leak Edmonton|burst pipe Edmonton|24 hour plumber Edmonton|cheap plumber Edmonton|best plumber Edmonton|plumber near me Edmonton|heating engineer Edmonton|kitchen plumber Edmonton|plumbing company Edmonton|emergency plumbing Edmonton|commercial plumber Edmonton|residential plumber Edmonton,"51.61787,-0.054356|51.625274,-0.064715|51.633936,-0.069424|51.616043,-0.07068|51.626647,-0.053989|51.624715,-0.06171|51.630161,-0.063046|51.618055,-0.080045|51.613474,-0.050411|51.61803,-0.063384|51.630271,-0.055232|51.624379,-0.055647|51.623495,-0.064584|51.625251,-0.062387|51.621023,-0.06506|51.624472,-0.073751|51.624625,-0.061895|51.624392,-0.052746|51.630142,-0.050586|51.624539,-0.060825","51.624102,-0.06228|51.624069,-0.062086|51.624268,-0.062038|51.624148,-0.062115|51.624199,-0.062113|51.624209,-0.062154|51.623969,-0.061911|51.62415,-0.061692|51.624179,-0.062121|51.624019,-0.061826","51.624539,-0.060825","51.624019,-0.061826",KO Edmonton Plumbing and Heating Ltd address,heating engineer Edmonton,plumber near me,"51.624182,-0.062116","51.633926,-0.072265","51.618431,-0.056472"
acc_020,bensonmacrite@gmail.com,614216810182475843,921f6668-c908-48be-acb2-958ed21275b1,Plumber123!!,y4gr5yujn3rhj7g3v4wsacn3ysrsl3fb,http://user-spr064ffyu-country-gb:0yvMf=0W6HuribBna4@isp.decodo.com:10020,london,standard,biz_013,Rush Green Electrical And Heating Services,"176A Rush Green Rd, Romford RM7 0JU","Romford, London",east_london,51.565631,0.175422,review,https://maps.app.goo.gl/q2Kz75nQaeG4mYNX8,51.568372,0.150474,Residential address near east_london,51.554347,0.202254,Work address near east_london,Rush Green Electrical And Heating Services|Rush Green Electrical And Heating Services Romford|Rush Green Electrical And Heating Services opening hours|Rush Green Electrical And Heating Services reviews|Rush Green Electrical And Heating Services phone number|Rush Green Electrical And Heating Services contact|Rush Green Electrical And Heating Services services|Rush Green Electrical And Heating Services prices|Rush Green Electrical And Heating Services facebook|Rush Green Electrical And Heating Services instagram|Rush Green Electrical And Heating Services twitter|Rush Green Electrical And Heating Services linkedin|Rush Green Electrical And Heating Services website|Rush Green Electrical And Heating Services address|Rush Green Electrical And Heating Services near me|Rush Green Electrical And Heating Services emergency|Rush Green Electrical And Heating Services book appointment|Rush Green Electrical And Heating Services directions|Rush Green Electrical And Heating Services 176A Rush Green Rd|best Rush Green Electrical And Heating Services reviews,plumber near me|emergency plumber|boiler repair|local plumber|heating engineer|plumbing services|gas safe plumber|bathroom installation|leak repair|radiator repair|toilet repair|pipe replacement|kitchen plumber|shower installation|tap repair|drain unblocking|central heating|underfloor heating|plumbing company|24 hour plumber,emergency plumber Romford|leak detection Romford|blocked drain Romford|plumber Romford|local plumber Romford|plumbing services Romford|gas safe plumber Romford|boiler repair Romford|central heating Romford|bathroom installation Romford|shower installation Romford|tap repair Romford|toilet repair Romford|radiator repair Romford|pipe replacement Romford|drain unblocking Romford|underfloor heating Romford|water leak Romford|burst pipe Romford|24 hour plumber Romford|cheap plumber Romford|best plumber Romford|plumber near me Romford|heating engineer Romford|kitchen plumber Romford|plumbing company Romford|emergency plumbing Romford|commercial plumber Romford|residential plumber Romford,"51.563404,0.173413|51.558511,0.176578|51.557962,0.166979|51.570808,0.185831|51.565546,0.178092|51.562496,0.17435|51.569904,0.191969|51.563835,0.177412|51.564063,0.17295|51.569072,0.180356|51.569947,0.170259|51.562298,0.180475|51.559074,0.165013|51.566023,0.17283|51.575372,0.166037|51.551709,0.17378|51.574843,0.187319|51.564629,0.181449|51.571844,0.178269|51.566283,0.176674","51.565594,0.175443|51.565414,0.175249|51.565439,0.175356|51.565689,0.175493|51.565561,0.175432|51.565635,0.17545|51.565728,0.175733|51.565403,0.175261|51.565448,0.175153|51.565632,0.175431","51.566023,0.17283","51.565635,0.17545",Rush Green Electrical And Heating Services prices,burst pipe Romford,toilet repair,"51.565631,0.175422","51.568372,0.150474","51.554347,0.202254"
acc_022,shilamagnus@gmail.com,614216814192230770,cb8406d1-6369-4612-b1fb-e5e0bae95ad1,Plumber123!!,fbkmvsjc7a4rqf76yjb7xsdr6tkc6pry,http://user-spr064ffyu-country-gb:0yvMf=0W6HuribBna4@isp.decodo.com:10022,london,standard,biz_014,Express Plumbers,"Prince Georges Rd, London SW19 2FG","Wimbledon, London",south_west_london,51.413221,-0.178128,review,https://maps.app.goo.gl/rdG1iFRVNmRbG1cX7,51.424339,-0.140993,Residential address near south_west_london,51.403329,-0.204449,Work address near south_west_london,Express Plumbers|Express Plumbers Wimbledon|Express Plumbers opening hours|Express Plumbers reviews|Express Plumbers phone number|Express Plumbers contact|Express Plumbers services|Express Plumbers prices|Express Plumbers facebook|Express Plumbers instagram|Express Plumbers twitter|Express Plumbers linkedin|Express Plumbers website|Express Plumbers address|Express Plumbers near me|Express Plumbers emergency|Express Plumbers book appointment|Express Plumbers directions|Express Plumbers Prince Georges Rd|best Express Plumbers reviews,plumber near me|emergency plumber|boiler repair|local plumber|heating engineer|plumbing services|gas safe plumber|bathroom installation|leak repair|radiator repair|toilet repair|pipe replacement|kitchen plumber|shower installation|tap repair|drain unblocking|central heating|underfloor heating|plumbing company|24 hour plumber,emergency plumber Wimbledon|leak detection Wimbledon|blocked drain Wimbledon|plumber Wimbledon|local plumber Wimbledon|plumbing services Wimbledon|gas safe plumber Wimbledon|boiler repair Wimbledon|central heating Wimbledon|bathroom installation Wimbledon|shower installation Wimbledon|tap repair Wimbledon|toilet repair Wimbledon|radiator repair Wimbledon|pipe replacement Wimbledon|drain unblocking Wimbledon|underfloor heating Wimbledon|water leak Wimbledon|burst pipe Wimbledon|24 hour plumber Wimbledon|cheap plumber Wimbledon|best plumber Wimbledon|plumber near me Wimbledon|heating engineer Wimbledon|kitchen plumber Wimbledon|plumbing company Wimbledon|emergency plumbing Wimbledon|commercial plumber Wimbledon|residential plumber Wimbledon,"51.426214,-0.184787|51.418868,-0.183748|51.407685,-0.188535|51.423377,-0.18327|51.416161,-0.176555|51.408059,-0.192793|51.403599,-0.161298|51.409582,-0.198137|51.412775,-0.170722|51.41212,-0.176893|51.411762,-0.169076|51.412843,-0.17888|51.413645,-0.188385|51.412304,-0.199768|51.417965,-0.168593|51.406531,-0.175338|51.420657,-0.183666|51.42092,-0.171229|51.401418,-0.179386|51.4062,-0.177538","51.413159,-0.178139|51.41321,-0.178149|51.413366,-0.178468|51.413257,-0.178187|51.413247,-0.178361|51.413283,-0.177813|51.413388,-0.178013|51.413308,-0.178344|51.413286,-0.178184|51.413286,-0.178535","51.403599,-0.161298","51.413388,-0.178013",Express Plumbers reviews,kitchen plumber Wimbledon,gas safe plumber,"51.413221,-0.178128","51.424339,-0.140993","51.403329,-0.204449"
acc_023,sweeneyjanus@gmail.com,614216818470420547,5d4f6113-3135-48f5-96ed-abfc665ad790,Plumber123!!,gw66cw3egmovf2egzjixkxyk4uegcbda,http://user-spr064ffyu-country-gb:0yvMf=0W6HuribBna4@isp.decodo.com:10023,london,standard,biz_015,Edmonton Plumbing And Heating Services,"1a Market Parade, London N9 9HF","Edmonton, London",north_london,51.626371,-0.064566,review,https://maps.app.goo.gl/TAEstGzc5t6icSxa9,51.62755,-0.019429,Residential address near north_london,51.624898,-0.090602,Work address near north_london,Edmonton Plumbing And Heating Services|Edmonton Plumbing And Heating Services Edmonton|Edmonton Plumbing And Heating Services opening hours|Edmonton Plumbing And Heating Services reviews|Edmonton Plumbing And Heating Services phone number|Edmonton Plumbing And Heating Services contact|Edmonton Plumbing And Heating Services services|Edmonton Plumbing And Heating Services prices|Edmonton Plumbing And Heating Services facebook|Edmonton Plumbing And Heating Services instagram|Edmonton Plumbing And Heating Services twitter|Edmonton Plumbing And Heating Services linkedin|Edmonton Plumbing And Heating Services website|Edmonton Plumbing And Heating Services address|Edmonton Plumbing And Heating Services near me|Edmonton Plumbing And Heating Services emergency|Edmonton Plumbing And Heating Services book appointment|Edmonton Plumbing And Heating Services directions|Edmonton Plumbing And Heating Services 1a Market Parade|best Edmonton Plumbing And Heating Services reviews,plumber near me|emergency plumber|boiler repair|local plumber|heating engineer|plumbing services|gas safe plumber|bathroom installation|leak repair|radiator repair|toilet repair|pipe replacement|kitchen plumber|shower installation|tap repair|drain unblocking|central heating|underfloor heating|plumbing company|24 hour plumber,emergency plumber Edmonton|leak detection Edmonton|blocked drain Edmonton|plumber Edmonton|local plumber Edmonton|plumbing services Edmonton|gas safe plumber Edmonton|boiler repair Edmonton|central heating Edmonton|bathroom installation Edmonton|shower installation Edmonton|tap repair Edmonton|toilet repair Edmonton|radiator repair Edmonton|pipe replacement Edmonton|drain unblocking Edmonton|underfloor heating Edmonton|water leak Edmonton|burst pipe Edmonton|24 hour plumber Edmonton|cheap plumber Edmonton|best plumber Edmonton|plumber near me Edmonton|heating engineer Edmonton|kitchen plumber Edmonton|plumbing company Edmonton|emergency plumbing Edmonton|commercial plumber Edmonton|residential plumber Edmonton,"51.615969,-0.078921|51.63416,-0.069533|51.629139,-0.064965|51.614501,-0.061267|51.631899,-0.085789|51.635198,-0.079336|51.6334,-0.073718|51.62825,-0.069902|51.632933,-0.07809|51.634918,-0.051462|51.625727,-0.063752|51.628701,-0.046828|51.625712,-0.065399|51.623215,-0.075275|51.627347,-0.047059|51.625276,-0.062921|51.632543,-0.045975|51.636145,-0.056511|51.627252,-0.065518|51.621294,-0.072153","51.626443,-0.064149|51.626514,-0.064709|51.626414,-0.064552|51.626227,-0.06492|51.626326,-0.064467|51.626386,-0.064581|51.626494,-0.064927|51.626369,-0.064832|51.62643,-0.064652|51.626498,-0.064215","51.632543,-0.045975","51.626514,-0.064709",Edmonton Plumbing And Heating Services near me,bathroom installation Edmonton,central heating,"51.626371,-0.064566","51.62755,-0.019429","51.624898,-0.090602"
acc_024,hamptonmcfinn@gmail.com,614216822245294147,9aa5c3df-745e-420b-bee8-1a4b4e249da7,Plumber123!!,fsffpe2jqpfuwn725lb2i5qovvg7fcv7,http://user-spr064ffyu-country-gb:0yvMf=0W6HuribBna4@isp.decodo.com:10024,,standard,biz_002,Sidcup Plumbing & Heating,"4 Station Rd, Sidcup DA15 7JU","Sidcup, London",sidcup,51.427684,0.101638,review,https://maps.app.goo.gl/vi7hxBJoB27xNtQh7,51.421604,0.060148,Residential address near sidcup,51.423878,0.123791,Work address near sidcup,Sidcup Plumbing & Heating|Sidcup Plumbing & Heating Sidcup|Sidcup Plumbing & Heating opening hours|Sidcup Plumbing & Heating reviews|Sidcup Plumbing & Heating phone number|Sidcup Plumbing & Heating contact|Sidcup Plumbing & Heating services|Sidcup Plumbing & Heating prices|Sidcup Plumbing & Heating facebook|Sidcup Plumbing & Heating instagram|Sidcup Plumbing & Heating twitter|Sidcup Plumbing & Heating linkedin|Sidcup Plumbing & Heating website|Sidcup Plumbing & Heating address|Sidcup Plumbing & Heating near me|Sidcup Plumbing & Heating emergency|Sidcup Plumbing & Heating book appointment|Sidcup Plumbing & Heating directions|Sidcup Plumbing & Heating 4 Station Rd|best Sidcup Plumbing & Heating reviews,plumber sidcup|emergency plumber sidcup|boiler repair sidcup|local plumber sidcup|heating engineer sidcup|plumbing services sidcup|gas safe plumber sidcup|bathroom installation sidcup|leak repair sidcup|radiator repair sidcup|toilet repair sidcup|pipe replacement sidcup|kitchen plumber sidcup|shower installation sidcup|tap repair sidcup|drain unblocking sidcup|central heating sidcup|underfloor heating sidcup|plumbing company sidcup|24 hour plumber sidcup,emergency plumber Sidcup|leak detection Sidcup|blocked drain Sidcup|plumber Sidcup|local plumber Sidcup|plumbing services Sidcup|gas safe plumber Sidcup|boiler repair Sidcup|central heating Sidcup|bathroom installation Sidcup|shower installation Sidcup|tap repair Sidcup|toilet repair Sidcup|radiator repair Sidcup|pipe replacement Sidcup|drain unblocking Sidcup|underfloor heating Sidcup|water leak Sidcup|burst pipe Sidcup|24 hour plumber Sidcup|cheap plumber Sidcup|best plumber Sidcup|plumber near me Sidcup|heating engineer Sidcup|kitchen plumber Sidcup|plumbing company Sidcup|emergency plumbing Sidcup|commercial plumber Sidcup|residential plumber Sidcup,"51.43319,0.110021|51.437879,0.098076|51.424351,0.098199|51.425614,0.099178|51.421514,0.084727|51.432415,0.110846|51.42318,0.105974|51.431494,0.090837|51.437058,0.113667|51.420235,0.118127|51.417041,0.10589|51.424495,0.11948|51.422203,0.095347|51.430835,0.112523|51.42886,0.098787|51.423846,0.116955|51.438719,0.106771|51.421675,0.10199|51.423932,0.096693|51.427184,0.10307","51.427618,0.101708|51.427695,0.101605|51.427858,0.101449|51.427652,0.10172|51.427905,0.101622|51.427659,0.101768|51.427809,0.101554|51.427485,0.101348|51.427741,0.101831|51.427582,0.101257","51.417041,0.10589","51.427695,0.101605",Sidcup Plumbing & Heating,toilet repair Sidcup,tap repair sidcup,"51.427684,0.101638","51.421604,0.060148","51.423878,0.123791"
acc_026,jasonbabora@gmail.com,614216826674479171,cf23fc14-7497-4747-8e2a-ea0e909dd4df,Plumber123!!,notj4d2kklxmcmxxjzfct6mqjhkd6bsa,http://user-spr064ffyu-country-gb:0yvMf=0W6HuribBna4@isp.decodo.com:10026,,standard,biz_009,Epsom Plumbing & Heating,"55 Station Approach, Epsom KT19 8JS","Epsom, Surrey",surrey,51.33411,-0.269295,review,https://maps.app.goo.gl/EdpANMxWtpYy6cb17,51.318543,-0.27465,Residential address near surrey,51.336317,-0.278159,Work address near surrey,Epsom Plumbing & Heating|Epsom Plumbing & Heating Epsom|Epsom Plumbing & Heating opening hours|Epsom Plumbing & Heating reviews|Epsom Plumbing & Heating phone number|Epsom Plumbing & Heating contact|Epsom Plumbing & Heating services|Epsom Plumbing & Heating prices|Epsom Plumbing & Heating facebook|Epsom Plumbing & Heating instagram|Epsom Plumbing & Heating twitter|Epsom Plumbing & Heating linkedin|Epsom Plumbing & Heating website|Epsom Plumbing & Heating address|Epsom Plumbing & Heating near me|Epsom Plumbing & Heating emergency|Epsom Plumbing & Heating book appointment|Epsom Plumbing & Heating directions|Epsom Plumbing & Heating 55 Station Approach|best Epsom Plumbing & Heating reviews,plumber epsom|emergency plumber epsom|boiler repair epsom|local plumber surrey|heating engineer surrey|plumbing services surrey|gas safe plumber surrey|bathroom installation surrey|leak repair surrey|radiator repair surrey|toilet repair surrey|pipe replacement surrey|kitchen plumber surrey|shower installation surrey|tap repair surrey|drain unblocking surrey|central heating surrey|underfloor heating surrey|plumbing company surrey|24 hour plumber surrey,emergency plumber Epsom|leak detection Epsom|blocked drain Epsom|plumber Epsom|local plumber Epsom|plumbing services Epsom|gas safe plumber Epsom|boiler repair Epsom|central heating Epsom|bathroom installation Epsom|shower installation Epsom|tap repair Epsom|toilet repair Epsom|radiator repair Epsom|pipe replacement Epsom|drain unblocking Epsom|underfloor heating Epsom|water leak Epsom|burst pipe Epsom|24 hour plumber Epsom|cheap plumber Epsom|best plumber Epsom|plumber near me Epsom|heating engineer Epsom|kitchen plumber Epsom|plumbing company Epsom|emergency plumbing Epsom|commercial plumber Epsom|residential plumber Epsom,"51.333904,-0.268511|51.345414,-0.264718|51.335372,-0.253097|51.329609,-0.27407|51.33609,-0.266644|51.330974,-0.263599|51.334541,-0.271006|51.339069,-0.254307|51.343799,-0.268694|51.327844,-0.276445|51.330925,-0.278748|51.329625,-0.25493|51.325325,-0.257584|51.33352,-0.267558|51.346804,-0.260285|51.334975,-0.266234|51.338,-0.269552|51.326197,-0.255019|51.325954,-0.264382|51.331742,-0.272782","51.334,-0.269423|51.334153,-0.269447|51.334105,-0.269401|51.334132,-0.269042|51.334031,-0.269368|51.334175,-0.269318|51.33408,-0.269084|51.334182,-0.269367|51.334245,-0.268951|51.334008,-0.269303","51.331742,-0.272782","51.334245,-0.268951",Epsom Plumbing & Heating phone number,bathroom installation Epsom,shower installation surrey,"51.33411,-0.269295","51.318543,-0.27465","51.336317,-0.278159"
acc_028,jacobbareethe@gmail.com,614216831053332547,f63943c6-b716-4192-b08c-e48ee67102ac,Plumber123!!,7f5dmualpvlirqjjczneed6iyl24mtlu,http://user-spr064ffyu-country-gb:0yvMf=0W6HuribBna4@isp.decodo.com:10028,,standard,biz_016,Emergency Plumbers Edgware,"193 Station Rd, Edgware HA8 7JX","Edgware, London",north_london,51.615297,-0.275969,review,https://maps.app.goo.gl/XWhtNpSyPTTpxJv47,51.59876,-0.276738,Residential address near north_london,51.624062,-0.268007,Work address near north_london,Emergency Plumbers Edgware|Emergency Plumbers Edgware Edgware|Emergency Plumbers Edgware opening hours|Emergency Plumbers Edgware reviews|Emergency Plumbers Edgware phone number|Emergency Plumbers Edgware contact|Emergency Plumbers Edgware services|Emergency Plumbers Edgware prices|Emergency Plumbers Edgware facebook|Emergency Plumbers Edgware instagram|Emergency Plumbers Edgware twitter|Emergency Plumbers Edgware linkedin|Emergency Plumbers Edgware website|Emergency Plumbers Edgware address|Emergency Plumbers Edgware near me|Emergency Plumbers Edgware emergency|Emergency Plumbers Edgware book appointment|Emergency Plumbers Edgware directions|Emergency Plumbers Edgware 193 Station Rd|best Emergency Plumbers Edgware reviews,plumber near me|emergency plumber|boiler repair|local plumber|heating engineer|plumbing services|gas safe plumber|bathroom installation|leak repair|radiator repair|toilet repair|pipe replacement|kitchen plumber|shower installation|tap repair|drain unblocking|central heating|underfloor heating|plumbing company|24 hour plumber,emergency plumber Edgware|leak detection Edgware|blocked drain Edgware|plumber Edgware|local plumber Edgware|plumbing services Edgware|gas safe plumber Edgware|boiler repair Edgware|central heating Edgware|bathroom installation Edgware|shower installation Edgware|tap repair Edgware|toilet repair Edgware|radiator repair Edgware|pipe replacement Edgware|drain unblocking Edgware|underfloor heating Edgware|water leak Edgware|burst pipe Edgware|24 hour plumber Edgware|cheap plumber Edgware|best plumber Edgware|plumber near me Edgware|heating engineer Edgware|kitchen plumber Edgware|plumbing company Edgware|emergency plumbing Edgware|commercial plumber Edgware|residential plumber Edgware,"51.604501,-0.274291|51.619316,-0.287542|51.613795,-0.264252|51.615395,-0.266235|51.62169,-0.284811|51.611187,-0.292563|51.615488,-0.2744|51.618148,-0.264522|51.618242,-0.285679|51.62394,-0.266211|51.621031,-0.290266|51.606257,-0.262226|51.603485,-0.27531|51.616783,-0.284505|51.611588,-0.285136|51.605933,-0.270756|51.619035,-0.261071|51.601839,-0.282014|51.608868,-0.291156|51.609452,-0.264077","51.615145,-0.275884|51.61517,-0.275729|51.615311,-0.27599|51.615288,-0.275747|51.615284,-0.275961|51.615397,-0.27599|51.615361,-0.275759|51.615263,-0.275916|51.615164,-0.275602|51.61519,-0.275594","51.611187,-0.292563","51.615263,-0.275916",Emergency Plumbers Edgware book appointment,boiler repair Edgware,kitchen plumber,"51.615297,-0.275969","51.59876,-0.276738","51.624062,-0.268007"
acc_029,sandeephassamatta@gmail.com,614216835079864690,04157d91-ef75-4a30-aac2-e6608fbdcdfe,Plumber123!!,vbzbl2sil4umkcgwjoasddupv27mqn4y,http://user-spr064ffyu-country-gb:0yvMf=0W6HuribBna4@isp.decodo.com:10029,,standard,biz_017,Blackfen Plumbing And Heating Services,"256 Blackfen Rd, Sidcup DA15 9PS","Blackfen, Sidcup",sidcup,51.450941,0.103599,review,https://maps.app.goo.gl/CEX8TQuMfqQRF9mS8,51.47659,0.110036,Residential address near sidcup,51.448634,0.115752,Work address near sidcup,Blackfen Plumbing And Heating Services|Blackfen Plumbing And Heating Services Blackfen|Blackfen Plumbing And Heating Services opening hours|Blackfen Plumbing And Heating Services reviews|Blackfen Plumbing And Heating Services phone number|Blackfen Plumbing And Heating Services contact|Blackfen Plumbing And Heating Services services|Blackfen Plumbing And Heating Services prices|Blackfen Plumbing And Heating Services facebook|Blackfen Plumbing And Heating Services instagram|Blackfen Plumbing And Heating Services twitter|Blackfen Plumbing And Heating Services linkedin|Blackfen Plumbing And Heating Services website|Blackfen Plumbing And Heating Services address|Blackfen Plumbing And Heating Services near me|Blackfen Plumbing And Heating Services emergency|Blackfen Plumbing And Heating Services book appointment|Blackfen Plumbing And Heating Services directions|Blackfen Plumbing And Heating Services 256 Blackfen Rd|best Blackfen Plumbing And Heating Services reviews,plumber sidcup|emergency plumber sidcup|boiler repair sidcup|local plumber sidcup|heating engineer sidcup|plumbing services sidcup|gas safe plumber sidcup|bathroom installation sidcup|leak repair sidcup|radiator repair sidcup|toilet repair sidcup|pipe replacement sidcup|kitchen plumber sidcup|shower installation sidcup|tap repair sidcup|drain unblocking sidcup|central heating sidcup|underfloor heating sidcup|plumbing company sidcup|24 hour plumber sidcup,emergency plumber Blackfen|leak detection Blackfen|blocked drain Blackfen|plumber Blackfen|local plumber Blackfen|plumbing services Blackfen|gas safe plumber Blackfen|boiler repair Blackfen|central heating Blackfen|bathroom installation Blackfen|shower installation Blackfen|tap repair Blackfen|toilet repair Blackfen|radiator repair Blackfen|pipe replacement Blackfen|drain unblocking Blackfen|underfloor heating Blackfen|water leak Blackfen|burst pipe Blackfen|24 hour plumber Blackfen|cheap plumber Blackfen|best plumber Blackfen|plumber near me Blackfen|heating engineer Blackfen|kitchen plumber Blackfen|plumbing company Blackfen|emergency plumbing Blackfen|commercial plumber Blackfen|residential plumber Blackfen,"51.441415,0.095493|51.458081,0.099726|51.44418,0.117006|51.451428,0.100525|51.449323,0.101424|51.44876,0.102552|51.437962,0.102026|51.44505,0.101304|51.439507,0.094609|51.458635,0.113828|51.454952,0.103167|51.458476,0.097247|51.447609,0.100829|51.449489,0.124135|51.453113,0.095717|51.450498,0.082737|51.447609,0.112951|51.44556,0.08799|51.451019,0.108891|51.45057,0.105261","51.450934,0.103602|51.45117,0.103743|51.450875,0.103488|51.450932,0.103744|51.450867,0.103416|51.450898,0.103422|51.450917,0.103579|51.451117,0.103724|51.450879,0.103445|51.451033,0.103676","51.44418,0.117006","51.450934,0.103602",Blackfen Plumbing And Heating Services opening hours,plumber near me Blackfen,24 hour plumber sidcup,"51.450941,0.103599","51.47659,0.110036","51.448634,0.115752"
acc_030,bramblejustice@gmail.com,614216838938624067,8cc53d6b-873b-44d4-8417-516ac96bf04f,Plumber123!!,afcpfp6i2jfdvhjkf4h6juprhacz7gj4,http://user-spr064ffyu-country-gb:0yvMf=0W6HuribBna4@isp.decodo.com:10030,,standard,biz_018,Lewis Plumbing & Heating Specialists,Greenwich,"Greenwich, London",south_east_london,51.4874272,-0.016055,review,https://maps.app.goo.gl/yG34QbqsGxWFwjst8,51.489223,0.017706,Residential address near south_east_london,51.486584,-0.038671,Work address near south_east_london,Lewis Plumbing & Heating Specialists|Lewis Plumbing & Heating Specialists Greenwich|Lewis Plumbing & Heating Specialists opening hours|Lewis Plumbing & Heating Specialists reviews|Lewis Plumbing & Heating Specialists phone number|Lewis Plumbing & Heating Specialists contact|Lewis Plumbing & Heating Specialists services|Lewis Plumbing & Heating Specialists prices|Lewis Plumbing & Heating Specialists facebook|Lewis Plumbing & Heating Specialists instagram|Lewis Plumbing & Heating Specialists twitter|Lewis Plumbing & Heating Specialists linkedin|Lewis Plumbing & Heating Specialists website|Lewis Plumbing & Heating Specialists address|Lewis Plumbing & Heating Specialists near me|Lewis Plumbing & Heating Specialists emergency|Lewis Plumbing & Heating Specialists book appointment|Lewis Plumbing & Heating Specialists directions|Lewis Plumbing & Heating Specialists Greenwich|best Lewis Plumbing & Heating Specialists reviews,plumber near me|emergency plumber|boiler repair|local plumber|heating engineer|plumbing services|gas safe plumber|bathroom installation|leak repair|radiator repair|toilet repair|pipe replacement|kitchen plumber|shower installation|tap repair|drain unblocking|central heating|underfloor heating|plumbing company|24 hour plumber,emergency plumber Greenwich|leak detection Greenwich|blocked drain Greenwich|plumber Greenwich|local plumber Greenwich|plumbing services Greenwich|gas safe plumber Greenwich|boiler repair Greenwich|central heating Greenwich|bathroom installation Greenwich|shower installation Greenwich|tap repair Greenwich|toilet repair Greenwich|radiator repair Greenwich|pipe replacement Greenwich|drain unblocking Greenwich|underfloor heating Greenwich|water leak Greenwich|burst pipe Greenwich|24 hour plumber Greenwich|cheap plumber Greenwich|best plumber Greenwich|plumber near me Greenwich|heating engineer Greenwich|kitchen plumber Greenwich|plumbing company Greenwich|emergency plumbing Greenwich|commercial plumber Greenwich|residential plumber Greenwich,"51.484368,-0.02463|51.49545,-0.017788|51.482884,-0.013693|51.485112,-0.017515|51.48855,-0.024724|51.489989,-0.015573|51.497536,-0.020275|51.498243,-0.012998|51.478896,-0.034523|51.488713,-0.013495|51.496305,-0.01208|51.493579,-0.0151|51.49022,-0.016596|51.479193,-0.016455|51.498249,-0.025921|51.484578,-0.011084|51.488279,-0.018691|51.490831,-0.035977|51.49696,-0.029957|51.498053,-0.025424","51.48755,-0.016105|51.487282,-0.016006|51.487391,-0.015818|51.487488,-0.016477|51.487432,-0.015969|51.487293,-0.016216|51.487422,-0.016129|51.487432,-0.016126|51.487489,-0.016298|51.487399,-0.015772","51.49545,-0.017788","51.487488,-0.016477",Lewis Plumbing & Heating Specialists linkedin,kitchen plumber Greenwich,drain unblocking,"51.4874272,-0.016055","51.489223,0.017706","51.486584,-0.038671"
acc_031,marcinbagerman@gmail.com,614216843351031875,83f0303b-35b4-4e0b-aa31-9da6cc1ff4ae,Plumber123!!,rh7mtiplouma2rt3jsdpctiu5weyyzir,http://user-spr064ffyu-country-gb:0yvMf=0W6HuribBna4@isp.decodo.com:10031,,standard,biz_019,Campbell Plumbing & Heating Specialists,Battersea,"Battersea, London",south_west_london,53.8859559,-6.7158746,review,https://maps.app.goo.gl/L3ubndYgpwcp43LJ7,53.871949,-6.70702,Residential address near south_west_london,53.887599,-6.731613,Work address near south_west_london,Campbell Plumbing & Heating Specialists|Campbell Plumbing & Heating Specialists Battersea|Campbell Plumbing & Heating Specialists opening hours|Campbell Plumbing & Heating Specialists reviews|Campbell Plumbing & Heating Specialists phone number|Campbell Plumbing & Heating Specialists contact|Campbell Plumbing & Heating Specialists services|Campbell Plumbing & Heating Specialists prices|Campbell Plumbing & Heating Specialists facebook|Campbell Plumbing & Heating Specialists instagram|Campbell Plumbing & Heating Specialists twitter|Campbell Plumbing & Heating Specialists linkedin|Campbell Plumbing & Heating Specialists website|Campbell Plumbing & Heating Specialists address|Campbell Plumbing & Heating Specialists near me|Campbell Plumbing & Heating Specialists emergency|Campbell Plumbing & Heating Specialists book appointment|Campbell Plumbing & Heating Specialists directions|Campbell Plumbing & Heating Specialists Battersea|best Campbell Plumbing & Heating Specialists reviews,plumber near me|emergency plumber|boiler repair|local plumber|heating engineer|plumbing services|gas safe plumber|bathroom installation|leak repair|radiator repair|toilet repair|pipe replacement|kitchen plumber|shower installation|tap repair|drain unblocking|central heating|underfloor heating|plumbing company|24 hour plumber,emergency plumber Battersea|leak detection Battersea|blocked drain Battersea|plumber Battersea|local plumber Battersea|plumbing services Battersea|gas safe plumber Battersea|boiler repair Battersea|central heating Battersea|bathroom installation Battersea|shower installation Battersea|tap repair Battersea|toilet repair Battersea|radiator repair Battersea|pipe replacement Battersea|drain unblocking Battersea|underfloor heating Battersea|water leak Battersea|burst pipe Battersea|24 hour plumber Battersea|cheap plumber Battersea|best plumber Battersea|plumber near me Battersea|heating engineer Battersea|kitchen plumber Battersea|plumbing company Battersea|emergency plumbing Battersea|commercial plumber Battersea|residential plumber Battersea,"53.892278,-6.711054|53.896571,-6.721593|53.874312,-6.708294|53.88082,-6.693908|53.880987,-6.697564|53.897104,-6.709421|53.88353,-6.696492|53.88275,-6.716279|53.885775,-6.696777|53.886213,-6.714424|53.893969,-6.734208|53.89711,-6.723449|53.894585,-6.707515|53.888323,-6.71446|53.886456,-6.715851|53.884717,-6.713832|53.888954,-6.719234|53.886832,-6.716556|53.880558,-6.718947|53.885801,-6.716985","53.885863,-6.716023|53.885972,-6.716098|53.885904,-6.716059|53.886073,-6.715565|53.885852,-6.715966|53.885857,-6.715884|53.885933,-6.716001|53.885824,-6.715591|53.885838,-6.715998|53.885995,-6.715934","53.886456,-6.715851","53.885995,-6.715934",Campbell Plumbing & Heating Specialists,blocked drain Battersea,plumber near me,"53.8859559,-6.7158746","53.871949,-6.70702","53.887599,-6.731613"
acc_032,cleoperry9987@gmail.com,614216847293677635,31ce9f18-7218-4bd5-93c9-6b06dc5a2299,Wealthtower314!,oddhzccxoiwbty3cbek4ooz5b7sqlq7l,http://user-spr064ffyu-country-gb:0yvMf=0W6HuribBna4@isp.decodo.com:10001,,maps_heavy,biz_020,Carter Plumbing of Ripon Specialists,Islington,"Islington, London",north_london,47.73855,12.5088275,review,https://maps.app.goo.gl/3eRFP97s6GDKQkii9,47.727471,12.486814,Residential address near north_london,47.73606,12.522368,Work address near north_london,Carter Plumbing of Ripon Specialists|Carter Plumbing of Ripon Specialists Islington|Carter Plumbing of Ripon Specialists opening hours|Carter Plumbing of Ripon Specialists reviews|Carter Plumbing of Ripon Specialists phone number|Carter Plumbing of Ripon Specialists contact|Carter Plumbing of Ripon Specialists services|Carter Plumbing of Ripon Specialists prices|Carter Plumbing of Ripon Specialists facebook|Carter Plumbing of Ripon Specialists instagram|Carter Plumbing of Ripon Specialists twitter|Carter Plumbing of Ripon Specialists linkedin|Carter Plumbing of Ripon Specialists website|Carter Plumbing of Ripon Specialists address|Carter Plumbing of Ripon Specialists near me|Carter Plumbing of Ripon Specialists emergency|Carter Plumbing of Ripon Specialists book appointment|Carter Plumbing of Ripon Specialists directions|Carter Plumbing of Ripon Specialists Islington|best Carter Plumbing of Ripon Specialists reviews,plumber near me|emergency plumber|boiler repair|local plumber|heating engineer|plumbing services|gas safe plumber|bathroom installation|leak repair|radiator repair|toilet repair|pipe replacement|kitchen plumber|shower installation|tap repair|drain unblocking|central heating|underfloor heating|plumbing company|24 hour plumber,emergency plumber Islington|leak detection Islington|blocked drain Islington|plumber Islington|local plumber Islington|plumbing services Islington|gas safe plumber Islington|boiler repair Islington|central heating Islington|bathroom installation Islington|shower installation Islington|tap repair Islington|toilet repair Islington|radiator repair Islington|pipe replacement Islington|drain unblocking Islington|underfloor heating Islington|water leak Islington|burst pipe Islington|24 hour plumber Islington|cheap plumber Islington|best plumber Islington|plumber near me Islington|heating engineer Islington|kitchen plumber Islington|plumbing company Islington|emergency plumbing Islington|commercial plumber Islington|residential plumber Islington,"47.744249,12.523288|47.742494,12.514288|47.738482,12.507966|47.736147,12.503845|47.73808,12.520289|47.739129,12.513576|47.735539,12.511754|47.739263,12.513481|47.738941,12.515314|47.743358,12.508899|47.743034,12.526804|47.741167,12.515734|47.734624,12.523134|47.735459,12.51187|47.733474,12.51815|47.742008,12.527303|47.740739,12.496477|47.728703,12.520174|47.752846,12.507663|47.738933,12.521534","47.738367,12.509122|47.73844,12.508904|47.738661,12.509126|47.738548,12.508821|47.738518,12.509086|47.738473,12.509055|47.738604,12.509045|47.738542,12.508998|47.738782,12.508891|47.738513,12.509141","47.743358,12.508899","47.738473,12.509055",Carter Plumbing of Ripon Specialists website,water leak Islington,heating engineer,"47.73855,12.5088275","47.727471,12.486814","47.73606,12.522368"
acc_033,waylonswanson92387@gmail.com,614216851202768963,7f2a80c6-9cd9-4094-b1eb-64ad15b7c0a1,Wealthtower314!,pwet375qlcjdzjq7g3jm2ot7joueiw4s,http://user-spr064ffyu-country-gb:0yvMf=0W6HuribBna4@isp.decodo.com:10002,,maps_heavy,biz_021,Taylor Plumbing of Chichester Specialists,Camden Town,"Camden, London",north_london,47.73855,12.5088275,review,https://maps.app.goo.gl/bzkLYF3r51ftEBCYA,47.727435,12.511535,Residential address near north_london,47.745915,12.524284,Work address near north_london,Taylor Plumbing of Chichester Specialists|Taylor Plumbing of Chichester Specialists Camden|Taylor Plumbing of Chichester Specialists opening hours|Taylor Plumbing of Chichester Specialists reviews|Taylor Plumbing of Chichester Specialists phone number|Taylor Plumbing of Chichester Specialists contact|Taylor Plumbing of Chichester Specialists services|Taylor Plumbing of Chichester Specialists prices|Taylor Plumbing of Chichester Specialists facebook|Taylor Plumbing of Chichester Specialists instagram|Taylor Plumbing of Chichester Specialists twitter|Taylor Plumbing of Chichester Specialists linkedin|Taylor Plumbing of Chichester Specialists website|Taylor Plumbing of Chichester Specialists address|Taylor Plumbing of Chichester Specialists near me|Taylor Plumbing of Chichester Specialists emergency|Taylor Plumbing of Chichester Specialists book appointment|Taylor Plumbing of Chichester Specialists directions|Taylor Plumbing of Chichester Specialists Camden Town|best Taylor Plumbing of Chichester Specialists reviews,plumber near me|emergency plumber|boiler repair|local plumber|heating engineer|plumbing services|gas safe plumber|bathroom installation|leak repair|radiator repair|toilet repair|pipe replacement|kitchen plumber|shower installation|tap repair|drain unblocking|central heating|underfloor heating|plumbing company|24 hour plumber,emergency plumber Camden|leak detection Camden|blocked drain Camden|plumber Camden|local plumber Camden|plumbing services Camden|gas safe plumber Camden|boiler repair Camden|central heating Camden|bathroom installation Camden|shower installation Camden|tap repair Camden|toilet repair Camden|radiator repair Camden|pipe replacement Camden|drain unblocking Camden|underfloor heating Camden|water leak Camden|burst pipe Camden|24 hour plumber Camden|cheap plumber Camden|best plumber Camden|plumber near me Camden|heating engineer Camden|kitchen plumber Camden|plumbing company Camden|emergency plumbing Camden|commercial plumber Camden|residential plumber Camden,"47.744263,12.505053|47.739648,12.512345|47.746486,12.496166|47.738563,12.494032|47.739983,12.511713|47.734291,12.504178|47.740524,12.503119|47.739171,12.506298|47.738685,12.519798|47.737979,12.519979|47.73015,12.508115|47.731789,12.513364|47.744727,12.5239|47.738006,12.511307|47.738696,12.511009|47.736239,12.512091|47.736854,12.511721|47.74204,12.497911|47.747112,12.517399|47.747884,12.501636","47.738547,12.509225|47.738575,12.50887|47.738352,12.508816|47.738535,12.508847|47.738588,12.509041|47.7385,12.508876|47.738663,12.50906|47.738424,12.509173|47.738294,12.508795|47.738578,12.50884","47.744727,12.5239","47.738588,12.509041",Taylor Plumbing of Chichester Specialists book appointment,central heating Camden,tap repair,"47.73855,12.5088275","47.727435,12.511535","47.745915,12.524284"
acc_034,helenscott9987@gmail.com,614216854994420082,0f110c6e-26b6-4f94-972a-803a9a7706eb,Wealthtower314!,52xftzw6x3f7rlvhba5s3rpec5y4jbfu,http://user-spr064ffyu-country-gb:0yvMf=0W6HuribBna4@isp.decodo.com:10003,,maps_heavy,biz_022,Richardson Plumbing & Heating Specialists,Beckenham,"Beckenham, London",south_east_london,51.4007139,-0.0285725,review,https://maps.app.goo.gl/LDUqSDsaoZZc3vB46,51.420967,-0.014893,Residential address near south_east_london,51.392136,-0.039206,Work address near south_east_london,Richardson Plumbing & Heating Specialists|Richardson Plumbing & Heating Specialists Beckenham|Richardson Plumbing & Heating Specialists opening hours|Richardson Plumbing & Heating Specialists reviews|Richardson Plumbing & Heating Specialists phone number|Richardson Plumbing & Heating Specialists contact|Richardson Plumbing & Heating Specialists services|Richardson Plumbing & Heating Specialists prices|Richardson Plumbing & Heating Specialists facebook|Richardson Plumbing & Heating Specialists instagram|Richardson Plumbing & Heating Specialists twitter|Richardson Plumbing & Heating Specialists linkedin|Richardson Plumbing & Heating Specialists website|Richardson Plumbing & Heating Specialists address|Richardson Plumbing & Heating Specialists near me|Richardson Plumbing & Heating Specialists emergency|Richardson Plumbing & Heating Specialists book appointment|Richardson Plumbing & Heating Specialists directions|Richardson Plumbing & Heating Specialists Beckenham|best Richardson Plumbing & Heating Specialists reviews,plumber near me|emergency plumber|boiler repair|local plumber|heating engineer|plumbing services|gas safe plumber|bathroom installation|leak repair|radiator repair|toilet repair|pipe replacement|kitchen plumber|shower installation|tap repair|drain unblocking|central heating|underfloor heating|plumbing company|24 hour plumber,emergency plumber Beckenham|leak detection Beckenham|blocked drain Beckenham|plumber Beckenham|local plumber Beckenham|plumbing services Beckenham|gas safe plumber Beckenham|boiler repair Beckenham|central heating Beckenham|bathroom installation Beckenham|shower installation Beckenham|tap repair Beckenham|toilet repair Beckenham|radiator repair Beckenham|pipe replacement Beckenham|drain unblocking Beckenham|underfloor heating Beckenham|water leak Beckenham|burst pipe Beckenham|24 hour plumber Beckenham|cheap plumber Beckenham|best plumber Beckenham|plumber near me Beckenham|heating engineer Beckenham|kitchen plumber Beckenham|plumbing company Beckenham|emergency plumbing Beckenham|commercial plumber Beckenham|residential plumber Beckenham,"51.407068,-0.029569|51.400545,-0.027715|51.38875,-0.021996|51.390576,-0.04322|51.393062,-0.022344|51.398257,-0.032372|51.403252,-0.033344|51.40261,-0.006403|51.396309,-0.033348|51.402363,-0.021644|51.402023,-0.01671|51.403727,-0.037848|51.401573,-0.026959|51.407683,-0.016793|51.386852,-0.023736|51.400242,-0.032322|51.396077,-0.038571|51.398864,-0.045856|51.405415,-0.032815|51.392983,-0.029055","51.400707,-0.028765|51.400636,-0.028647|51.400627,-0.028595|51.40054,-0.028394|51.400882,-0.028373|51.400573,-0.028831|51.400721,-0.028222|51.400478,-0.028645|51.400716,-0.028482|51.400796,-0.028691","51.403252,-0.033344","51.400882,-0.028373",Richardson Plumbing & Heating Specialists opening hours,tap repair Beckenham,radiator repair,"51.4007139,-0.0285725","51.420967,-0.014893","51.392136,-0.039206"
acc_035,leopeck9987@gmail.com,614216858970620274,d71137ec-3f1f-40ff-95f8-f41d36a0e3c8,Wealthtower314!,crwzttklytayeid22jhirxq7fbxtuogd,http://user-spr064ffyu-country-gb:0yvMf=0W6HuribBna4@isp.decodo.com:10009,,maps_heavy,biz_024,Wave Plumbing and Heating Ltd,"32 Nailcote Avenue, Coventry CV4 9GL",Coventry,coventry,52.398696,-1.599467,review,https://maps.app.goo.gl/xsryCc37dNusH3uWA,52.389621,-1.626863,Residential address near coventry,52.395525,-1.584838,Work address near coventry,Wave Plumbing and Heating Ltd|Wave Plumbing and Heating Ltd Coventry|Wave Plumbing and Heating Ltd opening hours|Wave Plumbing and Heating Ltd reviews|Wave Plumbing and Heating Ltd phone number|Wave Plumbing and Heating Ltd contact|Wave Plumbing and Heating Ltd services|Wave Plumbing and Heating Ltd prices|Wave Plumbing and Heating Ltd facebook|Wave Plumbing and Heating Ltd instagram|Wave Plumbing and Heating Ltd twitter|Wave Plumbing and Heating Ltd linkedin|Wave Plumbing and Heating Ltd website|Wave Plumbing and Heating Ltd address|Wave Plumbing and Heating Ltd near me|Wave Plumbing and Heating Ltd emergency|Wave Plumbing and Heating Ltd book appointment|Wave Plumbing and Heating Ltd directions|Wave Plumbing and Heating Ltd 32 Nailcote Avenue|best Wave Plumbing and Heating Ltd reviews,plumber coventry|emergency plumber coventry|boiler repair coventry|local plumber coventry|heating engineer coventry|plumbing services coventry|gas safe plumber coventry|bathroom installation coventry|leak repair coventry|radiator repair coventry|toilet repair coventry|pipe replacement coventry|kitchen plumber coventry|shower installation coventry|tap repair coventry|drain unblocking coventry|central heating coventry|underfloor heating coventry|plumbing company coventry|24 hour plumber coventry,emergency plumber Coventry|leak detection Coventry|blocked drain Coventry|plumber Coventry|local plumber Coventry|plumbing services Coventry|gas safe plumber Coventry|boiler repair Coventry|central heating Coventry|bathroom installation Coventry|shower installation Coventry|tap repair Coventry|toilet repair Coventry|radiator repair Coventry|pipe replacement Coventry|drain unblocking Coventry|underfloor heating Coventry|water leak Coventry|burst pipe Coventry|24 hour plumber Coventry|cheap plumber Coventry|best plumber Coventry|plumber near me Coventry|heating engineer Coventry|kitchen plumber Coventry|plumbing company Coventry|emergency plumbing Coventry|commercial plumber Coventry|residential plumber Coventry,"52.38558,-1.597315|52.388714,-1.599597|52.401966,-1.606738|52.398158,-1.617023|52.399118,-1.599055|52.391398,-1.599598|52.405424,-1.614084|52.402965,-1.612223|52.398466,-1.587478|52.40281,-1.610197|52.400346,-1.590018|52.398373,-1.602169|52.393534,-1.609965|52.393487,-1.613751|52.402939,-1.620925|52.41182,-1.600191|52.387968,-1.598204|52.397957,-1.602727|52.404808,-1.600905|52.404218,-1.585171","52.398637,-1.599479|52.398594,-1.599715|52.398696,-1.599503|52.398674,-1.599501|52.398592,-1.59968|52.398753,-1.599497|52.39884,-1.599162|52.398632,-1.599308|52.398751,-1.599459|52.398655,-1.599794","52.397957,-1.602727","52.398632,-1.599308",Wave Plumbing and Heating Ltd contact,shower installation Coventry,gas safe plumber coventry,"52.398696,-1.599467","52.389621,-1.626863","52.395525,-1.584838"
acc_036,crystalwiggins9533@gmail.com,614216863500468594,ce6ec8fa-966a-4b13-b9ff-945aa004b73a,Wealthtower314!,o7d325xzsaqei2arr5levs2yr4fcpzpi,http://user-spr064ffyu-country-gb:0yvMf=0W6HuribBna4@isp.decodo.com:10011,,maps_heavy,biz_025,Gas Mark Services INC Ltd,"65 Wellesbourne Road, Coventry CV5 7HN",Coventry,coventry,52.411027,-1.570247,review,https://maps.app.goo.gl/fT7ioqNyiJXEEJRw8,52.398466,-1.577947,Residential address near coventry,52.416903,-1.557932,Work address near coventry,Gas Mark Services INC Ltd|Gas Mark Services INC Ltd Coventry|Gas Mark Services INC Ltd opening hours|Gas Mark Services INC Ltd reviews|Gas Mark Services INC Ltd phone number|Gas Mark Services INC Ltd contact|Gas Mark Services INC Ltd services|Gas Mark Services INC Ltd prices|Gas Mark Services INC Ltd facebook|Gas Mark Services INC Ltd instagram|Gas Mark Services INC Ltd twitter|Gas Mark Services INC Ltd linkedin|Gas Mark Services INC Ltd website|Gas Mark Services INC Ltd address|Gas Mark Services INC Ltd near me|Gas Mark Services INC Ltd emergency|Gas Mark Services INC Ltd book appointment|Gas Mark Services INC Ltd directions|Gas Mark Services INC Ltd 65 Wellesbourne Road|best Gas Mark Services INC Ltd reviews,plumber coventry|emergency plumber coventry|boiler repair coventry|local plumber coventry|heating engineer coventry|plumbing services coventry|gas safe plumber coventry|bathroom installation coventry|leak repair coventry|radiator repair coventry|toilet repair coventry|pipe replacement coventry|kitchen plumber coventry|shower installation coventry|tap repair coventry|drain unblocking coventry|central heating coventry|underfloor heating coventry|plumbing company coventry|24 hour plumber coventry,emergency plumber Coventry|leak detection Coventry|blocked drain Coventry|plumber Coventry|local plumber Coventry|plumbing services Coventry|gas safe plumber Coventry|boiler repair Coventry|central heating Coventry|bathroom installation Coventry|shower installation Coventry|tap repair Coventry|toilet repair Coventry|radiator repair Coventry|pipe replacement Coventry|drain unblocking Coventry|underfloor heating Coventry|water leak Coventry|burst pipe Coventry|24 hour plumber Coventry|cheap plumber Coventry|best plumber Coventry|plumber near me Coventry|heating engineer Coventry|kitchen plumber Coventry|plumbing company Coventry|emergency plumbing Coventry|commercial plumber Coventry|residential plumber Coventry,"52.410898,-1.562157|52.419988,-1.5628|52.404085,-1.58849|52.410801,-1.577986|52.398867,-1.570349|52.420307,-1.573751|52.410818,-1.555205|52.412419,-1.572358|52.404609,-1.577402|52.408267,-1.574849|52.408004,-1.580099|52.402416,-1.583889|52.410154,-1.568952|52.41432,-1.590398|52.416332,-1.556998|52.409231,-1.575439|52.408688,-1.576951|52.412006,-1.571018|52.408088,-1.568353|52.413194,-1.550259","52.411214,-1.570227|52.411055,-1.570313|52.411036,-1.570665|52.410996,-1.570305|52.411112,-1.57026|52.411222,-1.570168|52.411081,-1.570195|52.411028,-1.570244|52.411027,-1.570236|52.410974,-1.570123","52.41432,-1.590398","52.411081,-1.570195",Gas Mark Services INC Ltd facebook,burst pipe Coventry,shower installation coventry,"52.411027,-1.570247","52.398466,-1.577947","52.416903,-1.557932"
acc_037,azariahtrevino9987@gmail.com,614216867258564675,f30a27c4-96d3-46b2-bbd1-adaa918a0cf0,Wealthtower314!,bmbkkvfjq3p2elvdaaodohmwyyppzupq,http://user-spr064ffyu-country-gb:0yvMf=0W6HuribBna4@isp.decodo.com:10016,,maps_heavy,biz_026,Integrity Eco Solutions Ltd,Birmingham,Birmingham,birmingham,52.4812845,-1.9083946,review,https://maps.app.goo.gl/9TizamLVMminn9Rs6,52.50395,-1.886945,Residential address near birmingham,52.462095,-1.910485,Work address near birmingham,Integrity Eco Solutions Ltd|Integrity Eco Solutions Ltd Birmingham|Integrity Eco Solutions Ltd opening hours|Integrity Eco Solutions Ltd reviews|Integrity Eco Solutions Ltd phone number|Integrity Eco Solutions Ltd contact|Integrity Eco Solutions Ltd services|Integrity Eco Solutions Ltd prices|Integrity Eco Solutions Ltd facebook|Integrity Eco Solutions Ltd instagram|Integrity Eco Solutions Ltd twitter|Integrity Eco Solutions Ltd linkedin|Integrity Eco Solutions Ltd website|Integrity Eco Solutions Ltd address|Integrity Eco Solutions Ltd near me|Integrity Eco Solutions Ltd emergency|Integrity Eco Solutions Ltd book appointment|Integrity Eco Solutions Ltd directions|Integrity Eco Solutions Ltd Birmingham|best Integrity Eco Solutions Ltd reviews,plumber birmingham|emergency plumber birmingham|boiler repair birmingham|local plumber birmingham|heating engineer birmingham|plumbing services birmingham|gas safe plumber birmingham|bathroom installation birmingham|leak repair birmingham|radiator repair birmingham|toilet repair birmingham|pipe replacement birmingham|kitchen plumber birmingham|shower installation birmingham|tap repair birmingham|drain unblocking birmingham|central heating birmingham|underfloor heating birmingham|plumbing company birmingham|24 hour plumber birmingham,emergency plumber Birmingham|leak detection Birmingham|blocked drain Birmingham|plumber Birmingham|local plumber Birmingham|plumbing services Birmingham|gas safe plumber Birmingham|boiler repair Birmingham|central heating Birmingham|bathroom installation Birmingham|shower installation Birmingham|tap repair Birmingham|toilet repair Birmingham|radiator repair Birmingham|pipe replacement Birmingham|drain unblocking Birmingham|underfloor heating Birmingham|water leak Birmingham|burst pipe Birmingham|24 hour plumber Birmingham|cheap plumber Birmingham|best plumber Birmingham|plumber near me Birmingham|heating engineer Birmingham|kitchen plumber Birmingham|plumbing company Birmingham|emergency plumbing Birmingham|commercial plumber Birmingham|residential plumber Birmingham,"52.484784,-1.910807|52.480963,-1.912499|52.487466,-1.901223|52.487366,-1.908464|52.486743,-1.913677|52.467644,-1.90936|52.476237,-1.907149|52.480172,-1.903599|52.489832,-1.917747|52.480662,-1.910399|52.475606,-1.901377|52.468631,-1.901372|52.470133,-1.912008|52.48004,-1.899439|52.485104,-1.894664|52.478114,-1.918389|52.473064,-1.902425|52.478121,-1.912843|52.47754,-1.906519|52.478708,-1.900296","52.481276,-1.9084|52.481208,-1.908553|52.481241,-1.908392|52.481355,-1.908325|52.481533,-1.908472|52.481279,-1.908425|52.481526,-1.908332|52.481358,-1.908489|52.48124,-1.908741|52.481223,-1.908245","52.47754,-1.906519","52.481526,-1.908332",Integrity Eco Solutions Ltd prices,emergency plumber Birmingham,tap repair birmingham,"52.4812845,-1.9083946","52.50395,-1.886945","52.462095,-1.910485"
acc_038,priscillagiles9987@gmail.com,614216871117324355,29c7c55e-b5bc-4919-af96-eed5da2edd06,Wealthtower314!,umxxyv72ud5o3jm3cbaftacn2ufjqpoq,http://user-spr064ffyu-country-gb:0yvMf=0W6HuribBna4@isp.decodo.com:10017,,maps_heavy,biz_027,Gas and Electrical Maintenance Limited,Allesley,"Allesley, Coventry",coventry,52.4347977,-1.564623,review,https://maps.app.goo.gl/7L3i6RKMJdPCEerEA,52.433694,-1.53606,Residential address near coventry,52.433689,-1.584575,Work address near coventry,Gas and Electrical Maintenance Limited|Gas and Electrical Maintenance Limited Allesley|Gas and Electrical Maintenance Limited opening hours|Gas and Electrical Maintenance Limited reviews|Gas and Electrical Maintenance Limited phone number|Gas and Electrical Maintenance Limited contact|Gas and Electrical Maintenance Limited services|Gas and Electrical Maintenance Limited prices|Gas and Electrical Maintenance Limited facebook|Gas and Electrical Maintenance Limited instagram|Gas and Electrical Maintenance Limited twitter|Gas and Electrical Maintenance Limited linkedin|Gas and Electrical Maintenance Limited website|Gas and Electrical Maintenance Limited address|Gas and Electrical Maintenance Limited near me|Gas and Electrical Maintenance Limited emergency|Gas and Electrical Maintenance Limited book appointment|Gas and Electrical Maintenance Limited directions|Gas and Electrical Maintenance Limited Allesley|best Gas and Electrical Maintenance Limited reviews,plumber coventry|emergency plumber coventry|boiler repair coventry|local plumber coventry|heating engineer coventry|plumbing services coventry|gas safe plumber coventry|bathroom installation coventry|leak repair coventry|radiator repair coventry|toilet repair coventry|pipe replacement coventry|kitchen plumber coventry|shower installation coventry|tap repair coventry|drain unblocking coventry|central heating coventry|underfloor heating coventry|plumbing company coventry|24 hour plumber coventry,emergency plumber Allesley|leak detection Allesley|blocked drain Allesley|plumber Allesley|local plumber Allesley|plumbing services Allesley|gas safe plumber Allesley|boiler repair Allesley|central heating Allesley|bathroom installation Allesley|shower installation Allesley|tap repair Allesley|toilet repair Allesley|radiator repair Allesley|pipe replacement Allesley|drain unblocking Allesley|underfloor heating Allesley|water leak Allesley|burst pipe Allesley|24 hour plumber Allesley|cheap plumber Allesley|best plumber Allesley|plumber near me Allesley|heating engineer Allesley|kitchen plumber Allesley|plumbing company Allesley|emergency plumbing Allesley|commercial plumber Allesley|residential plumber Allesley,"52.431702,-1.561595|52.445175,-1.56568|52.444608,-1.561102|52.433985,-1.558442|52.427637,-1.558587|52.439081,-1.559173|52.426193,-1.55194|52.43425,-1.54356|52.432997,-1.55032|52.442684,-1.566691|52.431127,-1.564417|52.433033,-1.578014|52.430004,-1.559361|52.440813,-1.548259|52.429973,-1.550131|52.434131,-1.563317|52.434218,-1.559697|52.435481,-1.569777|52.433261,-1.570872|52.443956,-1.568723","52.434849,-1.564467|52.434623,-1.564476|52.434971,-1.56451|52.434785,-1.564649|52.43486,-1.564671|52.434664,-1.564372|52.434708,-1.564706|52.434778,-1.565012|52.434816,-1.564731|52.434824,-1.564636","52.445175,-1.56568","52.43486,-1.564671",best Gas and Electrical Maintenance Limited reviews,emergency plumber Allesley,shower installation coventry,"52.4347977,-1.564623","52.433694,-1.53606","52.433689,-1.584575"
acc_039,ellieallison9987@gmail.com,614216875076747634,2911942f-6fbc-4987-bcdf-5dd6de177a79,Wealthtower314!,hwddltxm276acbipwiwe4tvfx54obxpp,http://user-spr064ffyu-country-gb:0yvMf=0W6HuribBna4@isp.decodo.com:10019,,maps_heavy,biz_028,Collins Plumbing & Heating Specialists,"44 Hollycroft, Hinckley LE10 0HG","Hinckley, Leicestershire",midlands,52.545329,-1.375792,review,https://maps.app.goo.gl/PzpucjUtfQXjvv1s5,52.542277,-1.419112,Residential address near midlands,52.548209,-1.363359,Work address near midlands,Collins Plumbing & Heating Specialists|Collins Plumbing & Heating Specialists Hinckley|Collins Plumbing & Heating Specialists opening hours|Collins Plumbing & Heating Specialists reviews|Collins Plumbing & Heating Specialists phone number|Collins Plumbing & Heating Specialists contact|Collins Plumbing & Heating Specialists services|Collins Plumbing & Heating Specialists prices|Collins Plumbing & Heating Specialists facebook|Collins Plumbing & Heating Specialists instagram|Collins Plumbing & Heating Specialists twitter|Collins Plumbing & Heating Specialists linkedin|Collins Plumbing & Heating Specialists website|Collins Plumbing & Heating Specialists address|Collins Plumbing & Heating Specialists near me|Collins Plumbing & Heating Specialists emergency|Collins Plumbing & Heating Specialists book appointment|Collins Plumbing & Heating Specialists directions|Collins Plumbing & Heating Specialists 44 Hollycroft|best Collins Plumbing & Heating Specialists reviews,plumber hinckley|emergency plumber hinckley|boiler repair hinckley|local plumber leicestershire|heating engineer leicestershire|plumbing services leicestershire|gas safe plumber leicestershire|bathroom installation leicestershire|leak repair leicestershire|radiator repair leicestershire|toilet repair leicestershire|pipe replacement leicestershire|kitchen plumber leicestershire|shower installation leicestershire|tap repair leicestershire|drain unblocking leicestershire|central heating leicestershire|underfloor heating leicestershire|plumbing company leicestershire|24 hour plumber leicestershire,emergency plumber Hinckley|leak detection Hinckley|blocked drain Hinckley|plumber Hinckley|local plumber Hinckley|plumbing services Hinckley|gas safe plumber Hinckley|boiler repair Hinckley|central heating Hinckley|bathroom installation Hinckley|shower installation Hinckley|tap repair Hinckley|toilet repair Hinckley|radiator repair Hinckley|pipe replacement Hinckley|drain unblocking Hinckley|underfloor heating Hinckley|water leak Hinckley|burst pipe Hinckley|24 hour plumber Hinckley|cheap plumber Hinckley|best plumber Hinckley|plumber near me Hinckley|heating engineer Hinckley|kitchen plumber Hinckley|plumbing company Hinckley|emergency plumbing Hinckley|commercial plumber Hinckley|residential plumber Hinckley,"52.549217,-1.387188|52.54473,-1.379696|52.537924,-1.388726|52.536365,-1.382833|52.544299,-1.38698|52.53193,-1.373369|52.55152,-1.377937|52.555423,-1.381182|52.538592,-1.395983|52.53625,-1.374302|52.536727,-1.385915|52.554735,-1.359122|52.53658,-1.368738|52.553597,-1.387034|52.544029,-1.371688|52.538229,-1.362577|52.554795,-1.36214|52.550081,-1.381924|52.533607,-1.382375|52.541723,-1.356044","52.545325,-1.37579|52.545334,-1.375765|52.545365,-1.375512|52.545323,-1.375773|52.545316,-1.375664|52.545329,-1.375797|52.545266,-1.375622|52.545222,-1.375585|52.545384,-1.375759|52.545196,-1.375943","52.55152,-1.377937","52.545222,-1.375585",Collins Plumbing & Heating Specialists phone number,best plumber Hinckley,kitchen plumber leicestershire,"52.545329,-1.375792","52.542277,-1.419112","52.548209,-1.363359"
acc_042,valerieparrish94387@gmail.com,614216879120056690,09352d27-b0c9-499d-8363-33230a2fe35b,Wealthtower314!,6zl5bfnidvcp73duyrnpzqk5nxrc3pvp,http://user-spr064ffyu-country-gb:0yvMf=0W6HuribBna4@isp.decodo.com:10021,,maps_heavy,biz_029,Chelsea Ward Plumbing & Heating Specialists,London SW18 1JS,"Wandsworth, London",south_west_london,51.462453,-0.191213,review,https://maps.app.goo.gl/sRkq8JHMb5PUaUgn6,51.449741,-0.170277,Residential address near south_west_london,51.479268,-0.209853,Work address near south_west_london,Chelsea Ward Plumbing & Heating Specialists|Chelsea Ward Plumbing & Heating Specialists Wandsworth|Chelsea Ward Plumbing & Heating Specialists opening hours|Chelsea Ward Plumbing & Heating Specialists reviews|Chelsea Ward Plumbing & Heating Specialists phone number|Chelsea Ward Plumbing & Heating Specialists contact|Chelsea Ward Plumbing & Heating Specialists services|Chelsea Ward Plumbing & Heating Specialists prices|Chelsea Ward Plumbing & Heating Specialists facebook|Chelsea Ward Plumbing & Heating Specialists instagram|Chelsea Ward Plumbing & Heating Specialists twitter|Chelsea Ward Plumbing & Heating Specialists linkedin|Chelsea Ward Plumbing & Heating Specialists website|Chelsea Ward Plumbing & Heating Specialists address|Chelsea Ward Plumbing & Heating Specialists near me|Chelsea Ward Plumbing & Heating Specialists emergency|Chelsea Ward Plumbing & Heating Specialists book appointment|Chelsea Ward Plumbing & Heating Specialists directions|Chelsea Ward Plumbing & Heating Specialists London SW18 1JS|best Chelsea Ward Plumbing & Heating Specialists reviews,plumber near me|emergency plumber|boiler repair|local plumber|heating engineer|plumbing services|gas safe plumber|bathroom installation|leak repair|radiator repair|toilet repair|pipe replacement|kitchen plumber|shower installation|tap repair|drain unblocking|central heating|underfloor heating|plumbing company|24 hour plumber,emergency plumber Wandsworth|leak detection Wandsworth|blocked drain Wandsworth|plumber Wandsworth|local plumber Wandsworth|plumbing services Wandsworth|gas safe plumber Wandsworth|boiler repair Wandsworth|central heating Wandsworth|bathroom installation Wandsworth|shower installation Wandsworth|tap repair Wandsworth|toilet repair Wandsworth|radiator repair Wandsworth|pipe replacement Wandsworth|drain unblocking Wandsworth|underfloor heating Wandsworth|water leak Wandsworth|burst pipe Wandsworth|24 hour plumber Wandsworth|cheap plumber Wandsworth|best plumber Wandsworth|plumber near me Wandsworth|heating engineer Wandsworth|kitchen plumber Wandsworth|plumbing company Wandsworth|emergency plumbing Wandsworth|commercial plumber Wandsworth|residential plumber Wandsworth,"51.453926,-0.201508|51.462485,-0.193601|51.46992,-0.186333|51.463802,-0.187991|51.462391,-0.198081|51.460296,-0.1738|51.448994,-0.183477|51.459011,-0.187581|51.460938,-0.195021|51.449177,-0.191828|51.457,-0.194692|51.453238,-0.187166|51.46127,-0.199389|51.463156,-0.190494|51.457885,-0.191363|51.476128,-0.189074|51.47164,-0.174246|51.475422,-0.193966|51.46835,-0.177168|51.454552,-0.195319","51.462607,-0.191388|51.462573,-0.191341|51.462389,-0.191109|51.462683,-0.191295|51.462416,-0.191365|51.46244,-0.191252|51.462449,-0.191213|51.462466,-0.191207|51.462508,-0.191286|51.462394,-0.190899","51.475422,-0.193966","51.462573,-0.191341",Chelsea Ward Plumbing & Heating Specialists Wandsworth,24 hour plumber Wandsworth,24 hour plumber,"51.462453,-0.191213","51.449741,-0.170277","51.479268,-0.209853"
acc_043,jakobebranch9987@gmail.com,614216883146588530,d93b2dd6-e454-4e58-a392-3195faadbe49,Wealthtower314!,eqymtuafkayhyy2adutgmnvhkgpsn64g,http://user-spr064ffyu-country-gb:0yvMf=0W6HuribBna4@isp.decodo.com:10025,,maps_heavy,biz_030,JJ Hackney Plumber,"Stephen House, 1 Darnley Rd, London E9 6QH","Hackney, London",east_london,51.544075,-0.05179,review,https://maps.app.goo.gl/HvVS1GuDyMoDUZvh6,51.543873,-0.038105,Residential address near east_london,51.52801,-0.058394,Work address near east_london,JJ Hackney Plumber|JJ Hackney Plumber Hackney|JJ Hackney Plumber opening hours|JJ Hackney Plumber reviews|JJ Hackney Plumber phone number|JJ Hackney Plumber contact|JJ Hackney Plumber services|JJ Hackney Plumber prices|JJ Hackney Plumber facebook|JJ Hackney Plumber instagram|JJ Hackney Plumber twitter|JJ Hackney Plumber linkedin|JJ Hackney Plumber website|JJ Hackney Plumber address|JJ Hackney Plumber near me|JJ Hackney Plumber emergency|JJ Hackney Plumber book appointment|JJ Hackney Plumber directions|JJ Hackney Plumber Stephen House|best JJ Hackney Plumber reviews,plumber near me|emergency plumber|boiler repair|local plumber|heating engineer|plumbing services|gas safe plumber|bathroom installation|leak repair|radiator repair|toilet repair|pipe replacement|kitchen plumber|shower installation|tap repair|drain unblocking|central heating|underfloor heating|plumbing company|24 hour plumber,emergency plumber Hackney|leak detection Hackney|blocked drain Hackney|plumber Hackney|local plumber Hackney|plumbing services Hackney|gas safe plumber Hackney|boiler repair Hackney|central heating Hackney|bathroom installation Hackney|shower installation Hackney|tap repair Hackney|toilet repair Hackney|radiator repair Hackney|pipe replacement Hackney|drain unblocking Hackney|underfloor heating Hackney|water leak Hackney|burst pipe Hackney|24 hour plumber Hackney|cheap plumber Hackney|best plumber Hackney|plumber near me Hackney|heating engineer Hackney|kitchen plumber Hackney|plumbing company Hackney|emergency plumbing Hackney|commercial plumber Hackney|residential plumber Hackney,"51.535412,-0.060476|51.540689,-0.053787|51.542944,-0.060337|51.53906,-0.031624|51.545158,-0.044987|51.541707,-0.049207|51.549182,-0.067765|51.539521,-0.050145|51.542683,-0.036089|51.536661,-0.060128|51.550998,-0.042035|51.546595,-0.060953|51.55045,-0.060621|51.5492,-0.066862|51.536453,-0.036048|51.551031,-0.069485|51.547664,-0.040449|51.54658,-0.057266|51.541715,-0.05068|51.547679,-0.0387","51.544033,-0.052007|51.544072,-0.052021|51.543928,-0.051867|51.544039,-0.052044|51.544074,-0.051752|51.544106,-0.051701|51.544052,-0.051754|51.543973,-0.05193|51.544088,-0.051756|51.54419,-0.051877","51.539521,-0.050145","51.544074,-0.051752",JJ Hackney Plumber twitter,drain unblocking Hackney,leak repair,"51.544075,-0.05179","51.543873,-0.038105","51.52801,-0.058394"
acc_044,luisamathis93437@gmail.com,614216886971793475,7d48261c-4da0-455a-8089-33de99e5768d,Wealthtower314!,xq4cpuiqlzpl7pag56y7ka55w7hiuzwf,http://user-spr064ffyu-country-gb:0yvMf=0W6HuribBna4@isp.decodo.com:10027,,maps_heavy,biz_031,Wembley Emergency Plumbers,"10 Park Pl, Wembley HA9 8DB","Wembley, London",north_london,51.557086,-0.287995,review,https://maps.app.goo.gl/8tCfEh8ye2xLecW76,51.550942,-0.324936,Residential address near north_london,51.569596,-0.290334,Work address near north_london,Wembley Emergency Plumbers|Wembley Emergency Plumbers Wembley|Wembley Emergency Plumbers opening hours|Wembley Emergency Plumbers reviews|Wembley Emergency Plumbers phone number|Wembley Emergency Plumbers contact|Wembley Emergency Plumbers services|Wembley Emergency Plumbers prices|Wembley Emergency Plumbers facebook|Wembley Emergency Plumbers instagram|Wembley Emergency Plumbers twitter|Wembley Emergency Plumbers linkedin|Wembley Emergency Plumbers website|Wembley Emergency Plumbers address|Wembley Emergency Plumbers near me|Wembley Emergency Plumbers emergency|Wembley Emergency Plumbers book appointment|Wembley Emergency Plumbers directions|Wembley Emergency Plumbers 10 Park Pl|best Wembley Emergency Plumbers reviews,plumber near me|emergency plumber|boiler repair|local plumber|heating engineer|plumbing services|gas safe plumber|bathroom installation|leak repair|radiator repair|toilet repair|pipe replacement|kitchen plumber|shower installation|tap repair|drain unblocking|central heating|underfloor heating|plumbing company|24 hour plumber,emergency plumber Wembley|leak detection Wembley|blocked drain Wembley|plumber Wembley|local plumber Wembley|plumbing services Wembley|gas safe plumber Wembley|boiler repair Wembley|central heating Wembley|bathroom installation Wembley|shower installation Wembley|tap repair Wembley|toilet repair Wembley|radiator repair Wembley|pipe replacement Wembley|drain unblocking Wembley|underfloor heating Wembley|water leak Wembley|burst pipe Wembley|24 hour plumber Wembley|cheap plumber Wembley|best plumber Wembley|plumber near me Wembley|heating engineer Wembley|kitchen plumber Wembley|plumbing company Wembley|emergency plumbing Wembley|commercial plumber Wembley|residential plumber Wembley,"51.558671,-0.299938|51.558631,-0.298341|51.553722,-0.302684|51.564319,-0.279012|51.561805,-0.274393|51.561935,-0.284721|51.566381,-0.284524|51.560978,-0.28303|51.553813,-0.30551|51.564917,-0.288069|51.551089,-0.292457|51.549577,-0.282338|51.55431,-0.266584|51.550049,-0.274187|51.555303,-0.285861|51.558152,-0.289555|51.55485,-0.310549|51.562792,-0.283795|51.562386,-0.298389|51.554797,-0.300226","51.55716,-0.287722|51.557277,-0.287713|51.557094,-0.288207|51.557001,-0.288054|51.556911,-0.287872|51.557134,-0.287813|51.557129,-0.287908|51.557,-0.287592|51.557148,-0.288205|51.557245,-0.287731","51.560978,-0.28303","51.557245,-0.287731",Wembley Emergency Plumbers prices,blocked drain Wembley,central heating,"51.557086,-0.287995","51.550942,-0.324936","51.569596,-0.290334"
acc_045,gustavostanley92327@gmail.com,614216890796998723,bea5cc9f-0dff-4282-b1ff-2c0fc64a616d,Wealthtower314!,szwxqol65krldnbkutzfihxaenndx22r,http://user-spr064ffyu-country-gb:0yvMf=0W6HuribBna4@isp.decodo.com:10032,,maps_heavy,biz_032,Havering Plumbing & Heating,"7 Manor Ave, Gidea Park, Hornchurch RM11 2EB","Hornchurch, London",east_london,51.578196,0.209044,review,https://maps.app.goo.gl/h61t8mo7zo3EgZv66,51.551559,0.200519,Residential address near east_london,51.581531,0.223712,Work address near east_london,Havering Plumbing & Heating|Havering Plumbing & Heating Hornchurch|Havering Plumbing & Heating opening hours|Havering Plumbing & Heating reviews|Havering Plumbing & Heating phone number|Havering Plumbing & Heating contact|Havering Plumbing & Heating services|Havering Plumbing & Heating prices|Havering Plumbing & Heating facebook|Havering Plumbing & Heating instagram|Havering Plumbing & Heating twitter|Havering Plumbing & Heating linkedin|Havering Plumbing & Heating website|Havering Plumbing & Heating address|Havering Plumbing & Heating near me|Havering Plumbing & Heating emergency|Havering Plumbing & Heating book appointment|Havering Plumbing & Heating directions|Havering Plumbing & Heating 7 Manor Ave|best Havering Plumbing & Heating reviews,plumber near me|emergency plumber|boiler repair|local plumber|heating engineer|plumbing services|gas safe plumber|bathroom installation|leak repair|radiator repair|toilet repair|pipe replacement|kitchen plumber|shower installation|tap repair|drain unblocking|central heating|underfloor heating|plumbing company|24 hour plumber,emergency plumber Hornchurch|leak detection Hornchurch|blocked drain Hornchurch|plumber Hornchurch|local plumber Hornchurch|plumbing services Hornchurch|gas safe plumber Hornchurch|boiler repair Hornchurch|central heating Hornchurch|bathroom installation Hornchurch|shower installation Hornchurch|tap repair Hornchurch|toilet repair Hornchurch|radiator repair Hornchurch|pipe replacement Hornchurch|drain unblocking Hornchurch|underfloor heating Hornchurch|water leak Hornchurch|burst pipe Hornchurch|24 hour plumber Hornchurch|cheap plumber Hornchurch|best plumber Hornchurch|plumber near me Hornchurch|heating engineer Hornchurch|kitchen plumber Hornchurch|plumbing company Hornchurch|emergency plumbing Hornchurch|commercial plumber Hornchurch|residential plumber Hornchurch,"51.576942,0.204123|51.588846,0.212457|51.5712,0.188815|51.588893,0.201506|51.57498,0.2053|51.572759,0.19256|51.570696,0.20034|51.585061,0.195335|51.577188,0.19057|51.580112,0.218826|51.584216,0.209015|51.587328,0.191739|51.588574,0.207963|51.587889,0.201774|51.579571,0.208031|51.578399,0.222639|51.578474,0.207868|51.580164,0.215663|51.576197,0.231477|51.587819,0.224172","51.57811,0.209207|51.578108,0.208941|51.578101,0.209183|51.578249,0.209154|51.578107,0.209202|51.578224,0.209106|51.578225,0.208831|51.578231,0.209027|51.578214,0.208956|51.578049,0.20895","51.584216,0.209015","51.578249,0.209154",Havering Plumbing & Heating address,commercial plumber Hornchurch,boiler repair,"51.578196,0.209044","51.551559,0.200519","51.581531,0.223712"
acc_046,gracelynvillanueva9987@gmail.com,614216895242960963,18d9ddf5-2f6d-47c0-ac39-ab7ede13ce72,Wealthtower314!,jphldpzcpfbhroflquqhrlhwhh5gcwvf,http://user-spr064ffyu-country-gb:0yvMf=0W6HuribBna4@isp.decodo.com:10033,,maps_heavy,biz_033,HeatDoctor Canning Town 24 Hour Plumbing,"78 Cliff Walk, London E16 4HN","Canning Town, London",east_london,51.519083,0.012757,review,https://maps.app.goo.gl/UB2yfyPhsz9jLwwj6,51.530664,-0.016319,Residential address near east_london,51.523527,0.038592,Work address near east_london,HeatDoctor Canning Town 24 Hour Plumbing|HeatDoctor Canning Town 24 Hour Plumbing Canning Town|HeatDoctor Canning Town 24 Hour Plumbing opening hours|HeatDoctor Canning Town 24 Hour Plumbing reviews|HeatDoctor Canning Town 24 Hour Plumbing phone number|HeatDoctor Canning Town 24 Hour Plumbing contact|HeatDoctor Canning Town 24 Hour Plumbing services|HeatDoctor Canning Town 24 Hour Plumbing prices|HeatDoctor Canning Town 24 Hour Plumbing facebook|HeatDoctor Canning Town 24 Hour Plumbing instagram|HeatDoctor Canning Town 24 Hour Plumbing twitter|HeatDoctor Canning Town 24 Hour Plumbing linkedin|HeatDoctor Canning Town 24 Hour Plumbing website|HeatDoctor Canning Town 24 Hour Plumbing address|HeatDoctor Canning Town 24 Hour Plumbing near me|HeatDoctor Canning Town 24 Hour Plumbing emergency|HeatDoctor Canning Town 24 Hour Plumbing book appointment|HeatDoctor Canning Town 24 Hour Plumbing directions|HeatDoctor Canning Town 24 Hour Plumbing 78 Cliff Walk|best HeatDoctor Canning Town 24 Hour Plumbing reviews,plumber near me|emergency plumber|boiler repair|local plumber|heating engineer|plumbing services|gas safe plumber|bathroom installation|leak repair|radiator repair|toilet repair|pipe replacement|kitchen plumber|shower installation|tap repair|drain unblocking|central heating|underfloor heating|plumbing company|24 hour plumber,emergency plumber Canning Town|leak detection Canning Town|blocked drain Canning Town|plumber Canning Town|local plumber Canning Town|plumbing services Canning Town|gas safe plumber Canning Town|boiler repair Canning Town|central heating Canning Town|bathroom installation Canning Town|shower installation Canning Town|tap repair Canning Town|toilet repair Canning Town|radiator repair Canning Town|pipe replacement Canning Town|drain unblocking Canning Town|underfloor heating Canning Town|water leak Canning Town|burst pipe Canning Town|24 hour plumber Canning Town|cheap plumber Canning Town|best plumber Canning Town|plumber near me Canning Town|heating engineer Canning Town|kitchen plumber Canning Town|plumbing company Canning Town|emergency plumbing Canning Town|commercial plumber Canning Town|residential plumber Canning Town,"51.521744,0.008976|51.522144,0.034896|51.517536,0.008637|51.516138,0.025382|51.511086,0.009956|51.520143,0.006708|51.528215,0.017181|51.52114,0.016369|51.520028,0.013613|51.523091,0.014376|51.507966,0.025428|51.518155,0.017443|51.514314,0.013107|51.523699,0.023021|51.520856,0.012689|51.528044,0.021301|51.520166,0.012894|51.520715,0.016014|51.518447,0.013988|51.514941,0.014479","51.519053,0.012433|51.519114,0.012804|51.51884,0.012936|51.519251,0.012487|51.519068,0.012754|51.519028,0.012613|51.519065,0.012931|51.519148,0.012816|51.51909,0.012721|51.519082,0.012674","51.511086,0.009956","51.519251,0.012487",HeatDoctor Canning Town 24 Hour Plumbing opening hours,24 hour plumber Canning Town,shower installation,"51.519083,0.012757","51.530664,-0.016319","51.523527,0.038592"
acc_047,huxleymcmillan9912@gmail.com,614216899286270322,d1007161-3313-487c-b88f-7090770f86e6,Wealthtower314!,qqp7nkifdyywrmiu7sz2ia6hmp26szqw,http://user-spr064ffyu-country-gb:0yvMf=0W6HuribBna4@isp.decodo.com:10034,,maps_heavy,biz_034,D & S Yearling Plumbing Heating & Gas Services,"52 Kingsland Rd, London E13 9PA","East Ham, London",east_london,51.525568,0.035071,review,https://maps.app.goo.gl/cLYNsDWxsmfCyxe97,51.533381,0.037928,Residential address near east_london,51.523341,0.022164,Work address near east_london,D & S Yearling Plumbing Heating & Gas Services|D & S Yearling Plumbing Heating & Gas Services East Ham|D & S Yearling Plumbing Heating & Gas Services opening hours|D & S Yearling Plumbing Heating & Gas Services reviews|D & S Yearling Plumbing Heating & Gas Services phone number|D & S Yearling Plumbing Heating & Gas Services contact|D & S Yearling Plumbing Heating & Gas Services services|D & S Yearling Plumbing Heating & Gas Services prices|D & S Yearling Plumbing Heating & Gas Services facebook|D & S Yearling Plumbing Heating & Gas Services instagram|D & S Yearling Plumbing Heating & Gas Services twitter|D & S Yearling Plumbing Heating & Gas Services linkedin|D & S Yearling Plumbing Heating & Gas Services website|D & S Yearling Plumbing Heating & Gas Services address|D & S Yearling Plumbing Heating & Gas Services near me|D & S Yearling Plumbing Heating & Gas Services emergency|D & S Yearling Plumbing Heating & Gas Services book appointment|D & S Yearling Plumbing Heating & Gas Services directions|D & S Yearling Plumbing Heating & Gas Services 52 Kingsland Rd|best D & S Yearling Plumbing Heating & Gas Services reviews,plumber near me|emergency plumber|boiler repair|local plumber|heating engineer|plumbing services|gas safe plumber|bathroom installation|leak repair|radiator repair|toilet repair|pipe replacement|kitchen plumber|shower installation|tap repair|drain unblocking|central heating|underfloor heating|plumbing company|24 hour plumber,emergency plumber East Ham|leak detection East Ham|blocked drain East Ham|plumber East Ham|local plumber East Ham|plumbing services East Ham|gas safe plumber East Ham|boiler repair East Ham|central heating East Ham|bathroom installation East Ham|shower installation East Ham|tap repair East Ham|toilet repair East Ham|radiator repair East Ham|pipe replacement East Ham|drain unblocking East Ham|underfloor heating East Ham|water leak East Ham|burst pipe East Ham|24 hour plumber East Ham|cheap plumber East Ham|best plumber East Ham|plumber near me East Ham|heating engineer East Ham|kitchen plumber East Ham|plumbing company East Ham|emergency plumbing East Ham|commercial plumber East Ham|residential plumber East Ham,"51.531516,0.036536|51.524195,0.029734|51.532171,0.029077|51.531139,0.034911|51.519797,0.036592|51.526809,0.034658|51.51907,0.029989|51.534393,0.033202|51.513633,0.043076|51.529584,0.03234|51.515939,0.020558|51.519362,0.042295|51.525076,0.033794|51.522025,0.03491|51.518831,0.041036|51.527262,0.032883|51.528154,0.023495|51.523607,0.034924|51.517904,0.023511|51.537618,0.032248","51.525712,0.035045|51.525564,0.035053|51.525611,0.035183|51.525479,0.03481|51.525657,0.03487|51.525578,0.035085|51.525639,0.035401|51.52551,0.03547|51.525525,0.035166|51.525566,0.035066","51.513633,0.043076","51.525578,0.035085",D & S Yearling Plumbing Heating & Gas Services reviews,commercial plumber East Ham,plumbing services,"51.525568,0.035071","51.533381,0.037928","51.523341,0.022164"
acc_048,oakleighoneal9987@gmail.com,614216903581237315,325fec66-db4b-4918-8b55-8f76cafe8ccd,Wealthtower314!,v56tcqvitlkn76um37yqawf6poiyixul,http://user-spr064ffyu-country-gb:0yvMf=0W6HuribBna4@isp.decodo.com:10035,,maps_heavy,biz_001,Southwark Plumbers,"12 Crosby Row, London SE1 3PT","Southwark, London",south_east_london,51.501364,-0.088611,review,https://maps.app.goo.gl/GZXa2QmwNhm7hNQW9,51.523944,-0.090278,Residential address near south_east_london,51.499146,-0.122242,Work address near south_east_london,Southwark Plumbers|Southwark Plumbers Southwark|Southwark Plumbers opening hours|Southwark Plumbers reviews|Southwark Plumbers phone number|Southwark Plumbers contact|Southwark Plumbers services|Southwark Plumbers prices|Southwark Plumbers facebook|Southwark Plumbers instagram|Southwark Plumbers twitter|Southwark Plumbers linkedin|Southwark Plumbers website|Southwark Plumbers address|Southwark Plumbers near me|Southwark Plumbers emergency|Southwark Plumbers book appointment|Southwark Plumbers directions|Southwark Plumbers 12 Crosby Row|best Southwark Plumbers reviews,plumber near me|emergency plumber|boiler repair|local plumber|heating engineer|plumbing services|gas safe plumber|bathroom installation|leak repair|radiator repair|toilet repair|pipe replacement|kitchen plumber|shower installation|tap repair|drain unblocking|central heating|underfloor heating|plumbing company|24 hour plumber,emergency plumber Southwark|leak detection Southwark|blocked drain Southwark|plumber Southwark|local plumber Southwark|plumbing services Southwark|gas safe plumber Southwark|boiler repair Southwark|central heating Southwark|bathroom installation Southwark|shower installation Southwark|tap repair Southwark|toilet repair Southwark|radiator repair Southwark|pipe replacement Southwark|drain unblocking Southwark|underfloor heating Southwark|water leak Southwark|burst pipe Southwark|24 hour plumber Southwark|cheap plumber Southwark|best plumber Southwark|plumber near me Southwark|heating engineer Southwark|kitchen plumber Southwark|plumbing company Southwark|emergency plumbing Southwark|commercial plumber Southwark|residential plumber Southwark,"51.49159,-0.072915|51.504243,-0.103834|51.48943,-0.078572|51.50767,-0.09772|51.501532,-0.085869|51.510793,-0.07335|51.496459,-0.100834|51.50083,-0.107878|51.50727,-0.089811|51.515538,-0.087947|51.500508,-0.08517|51.506263,-0.0886|51.514701,-0.093578|51.501005,-0.087758|51.497629,-0.078455|51.496343,-0.075957|51.501512,-0.071167|51.499724,-0.087951|51.495579,-0.087432|51.506413,-0.088938","51.50132,-0.08852|51.501382,-0.088715|51.501386,-0.08878|51.501387,-0.088691|51.501509,-0.088526|51.501292,-0.088571|51.501273,-0.088938|51.501363,-0.08853|51.501277,-0.088672|51.501398,-0.08859","51.500508,-0.08517","51.501386,-0.08878",Southwark Plumbers book appointment,plumbing company Southwark,24 hour plumber,"51.501364,-0.088611","51.523944,-0.090278","51.499146,-0.122242"
acc_049,eddievilla9987@gmail.com,614216908010422642,5af0b77c-8f9b-4ade-830b-bafbaa09e812,Wealthtower314!,azpz5is5fmzxvjaivnilu7d67ub4isej,http://user-spr064ffyu-country-gb:0yvMf=0W6HuribBna4@isp.decodo.com:10036,,maps_heavy,biz_002,Sidcup Plumbing & Heating,"4 Station Rd, Sidcup DA15 7JU","Sidcup, London",sidcup,51.427684,0.101638,review,https://maps.app.goo.gl/vi7hxBJoB27xNtQh7,51.434483,0.097211,Residential address near sidcup,51.407172,0.101987,Work address near sidcup,Sidcup Plumbing & Heating|Sidcup Plumbing & Heating Sidcup|Sidcup Plumbing & Heating opening hours|Sidcup Plumbing & Heating reviews|Sidcup Plumbing & Heating phone number|Sidcup Plumbing & Heating contact|Sidcup Plumbing & Heating services|Sidcup Plumbing & Heating prices|Sidcup Plumbing & Heating facebook|Sidcup Plumbing & Heating instagram|Sidcup Plumbing & Heating twitter|Sidcup Plumbing & Heating linkedin|Sidcup Plumbing & Heating website|Sidcup Plumbing & Heating address|Sidcup Plumbing & Heating near me|Sidcup Plumbing & Heating emergency|Sidcup Plumbing & Heating book appointment|Sidcup Plumbing & Heating directions|Sidcup Plumbing & Heating 4 Station Rd|best Sidcup Plumbing & Heating reviews,plumber sidcup|emergency plumber sidcup|boiler repair sidcup|local plumber sidcup|heating engineer sidcup|plumbing services sidcup|gas safe plumber sidcup|bathroom installation sidcup|leak repair sidcup|radiator repair sidcup|toilet repair sidcup|pipe replacement sidcup|kitchen plumber sidcup|shower installation sidcup|tap repair sidcup|drain unblocking sidcup|central heating sidcup|underfloor heating sidcup|plumbing company sidcup|24 hour plumber sidcup,emergency plumber Sidcup|leak detection Sidcup|blocked drain Sidcup|plumber Sidcup|local plumber Sidcup|plumbing services Sidcup|gas safe plumber Sidcup|boiler repair Sidcup|central heating Sidcup|bathroom installation Sidcup|shower installation Sidcup|tap repair Sidcup|toilet repair Sidcup|radiator repair Sidcup|pipe replacement Sidcup|drain unblocking Sidcup|underfloor heating Sidcup|water leak Sidcup|burst pipe Sidcup|24 hour plumber Sidcup|cheap plumber Sidcup|best plumber Sidcup|plumber near me Sidcup|heating engineer Sidcup|kitchen plumber Sidcup|plumbing company Sidcup|emergency plumbing Sidcup|commercial plumber Sidcup|residential plumber Sidcup,"51.418444,0.118358|51.42107,0.113964|51.419106,0.114886|51.419717,0.09205|51.429406,0.094299|51.41794,0.102155|51.420407,0.096438|51.427746,0.096826|51.432855,0.097749|51.419447,0.118992|51.429226,0.105981|51.430187,0.096064|51.438754,0.100127|51.436435,0.111004|51.428056,0.102113|51.425065,0.083897|51.437498,0.094125|51.421689,0.114768|51.425302,0.089394|51.425491,0.095949","51.427765,0.101636|51.427533,0.101637|51.427551,0.101685|51.427699,0.101503|51.427562,0.101683|51.427772,0.101698|51.427851,0.101417|51.42773,0.10149|51.427704,0.10202|51.427445,0.101487","51.419447,0.118992","51.427551,0.101685",Sidcup Plumbing & Heating reviews,pipe replacement Sidcup,local plumber sidcup,"51.427684,0.101638","51.434483,0.097211","51.407172,0.101987"
acc_050,tannerchambers9987@gmail.com,614216911852404803,ed667368-5d81-458c-b1c6-df3ecc093ba9,Wealthtower314!,7vizewmw6efehp74ogqwgel5zf3ee4q2,http://user-spr064ffyu-country-gb:0yvMf=0W6HuribBna4@isp.decodo.com:10037,,maps_heavy,biz_003,Ruby Plumbers Rainham,"9 Ferro Rd, Rainham RM13 9TP","Rainham, London",east_london,51.517356,0.195738,review,https://maps.app.goo.gl/5XnChhimgSc2Sm3y8,51.51102,0.217492,Residential address near east_london,51.513321,0.191989,Work address near east_london,Ruby Plumbers Rainham|Ruby Plumbers Rainham Rainham|Ruby Plumbers Rainham opening hours|Ruby Plumbers Rainham reviews|Ruby Plumbers Rainham phone number|Ruby Plumbers Rainham contact|Ruby Plumbers Rainham services|Ruby Plumbers Rainham prices|Ruby Plumbers Rainham facebook|Ruby Plumbers Rainham instagram|Ruby Plumbers Rainham twitter|Ruby Plumbers Rainham linkedin|Ruby Plumbers Rainham website|Ruby Plumbers Rainham address|Ruby Plumbers Rainham near me|Ruby Plumbers Rainham emergency|Ruby Plumbers Rainham book appointment|Ruby Plumbers Rainham directions|Ruby Plumbers Rainham 9 Ferro Rd|best Ruby Plumbers Rainham reviews,plumber near me|emergency plumber|boiler repair|local plumber|heating engineer|plumbing services|gas safe plumber|bathroom installation|leak repair|radiator repair|toilet repair|pipe replacement|kitchen plumber|shower installation|tap repair|drain unblocking|central heating|underfloor heating|plumbing company|24 hour plumber,emergency plumber Rainham|leak detection Rainham|blocked drain Rainham|plumber Rainham|local plumber Rainham|plumbing services Rainham|gas safe plumber Rainham|boiler repair Rainham|central heating Rainham|bathroom installation Rainham|shower installation Rainham|tap repair Rainham|toilet repair Rainham|radiator repair Rainham|pipe replacement Rainham|drain unblocking Rainham|underfloor heating Rainham|water leak Rainham|burst pipe Rainham|24 hour plumber Rainham|cheap plumber Rainham|best plumber Rainham|plumber near me Rainham|heating engineer Rainham|kitchen plumber Rainham|plumbing company Rainham|emergency plumbing Rainham|commercial plumber Rainham|residential plumber Rainham,"51.508705,0.197646|51.512302,0.213303|51.517542,0.194478|51.513651,0.211528|51.527387,0.208705|51.517929,0.210329|51.523549,0.175123|51.509186,0.195866|51.51996,0.179623|51.520683,0.1847|51.523126,0.198828|51.525328,0.17681|51.527242,0.212032|51.528462,0.187908|51.511244,0.177753|51.508651,0.179392|51.515404,0.193084|51.512819,0.199512|51.513765,0.194486|51.514712,0.196244","51.517436,0.195987|51.517524,0.19585|51.517546,0.195934|51.517347,0.195819|51.517468,0.195563|51.51737,0.195844|51.517447,0.195553|51.517354,0.195727|51.517233,0.195698|51.517367,0.195754","51.512302,0.213303","51.51737,0.195844",Ruby Plumbers Rainham services,best plumber Rainham,leak repair,"51.517356,0.195738","51.51102,0.217492","51.513321,0.191989"
acc_051,makaylacrane9987@gmail.com,614216915744719218,9b27a188-9827-4721-851b-7bbb2cbbd12a,Wealthtower314!,4bejtb5ud3kaxq5x443dzxxxuqrzhnxf,http://user-spr064ffyu-country-gb:0yvMf=0W6HuribBna4@isp.decodo.com:10038,,maps_heavy,biz_004,Prema Plumbing Putney,"115 Upper Richmond Rd, London SW15 2AD","Putney, London",south_west_london,51.459409,-0.214409,review,https://maps.app.goo.gl/rokJx2UXNm1MLo5J7,51.453479,-0.200239,Residential address near south_west_london,51.46737,-0.240809,Work address near south_west_london,Prema Plumbing Putney|Prema Plumbing Putney Putney|Prema Plumbing Putney opening hours|Prema Plumbing Putney reviews|Prema Plumbing Putney phone number|Prema Plumbing Putney contact|Prema Plumbing Putney services|Prema Plumbing Putney prices|Prema Plumbing Putney facebook|Prema Plumbing Putney instagram|Prema Plumbing Putney twitter|Prema Plumbing Putney linkedin|Prema Plumbing Putney website|Prema Plumbing Putney address|Prema Plumbing Putney near me|Prema Plumbing Putney emergency|Prema Plumbing Putney book appointment|Prema Plumbing Putney directions|Prema Plumbing Putney 115 Upper Richmond Rd|best Prema Plumbing Putney reviews,plumber near me|emergency plumber|boiler repair|local plumber|heating engineer|plumbing services|gas safe plumber|bathroom installation|leak repair|radiator repair|toilet repair|pipe replacement|kitchen plumber|shower installation|tap repair|drain unblocking|central heating|underfloor heating|plumbing company|24 hour plumber,emergency plumber Putney|leak detection Putney|blocked drain Putney|plumber Putney|local plumber Putney|plumbing services Putney|gas safe plumber Putney|boiler repair Putney|central heating Putney|bathroom installation Putney|shower installation Putney|tap repair Putney|toilet repair Putney|radiator repair Putney|pipe replacement Putney|drain unblocking Putney|underfloor heating Putney|water leak Putney|burst pipe Putney|24 hour plumber Putney|cheap plumber Putney|best plumber Putney|plumber near me Putney|heating engineer Putney|kitchen plumber Putney|plumbing company Putney|emergency plumbing Putney|commercial plumber Putney|residential plumber Putney,"51.461476,-0.215798|51.456794,-0.203128|51.446596,-0.225093|51.463312,-0.224982|51.451725,-0.205544|51.463351,-0.226727|51.466019,-0.21457|51.468185,-0.22769|51.454642,-0.208385|51.469521,-0.209514|51.450591,-0.207379|51.454829,-0.21226|51.45711,-0.207714|51.462561,-0.220762|51.470724,-0.213053|51.459346,-0.213322|51.470867,-0.224157|51.461668,-0.203254|51.458685,-0.210977|51.459468,-0.223517","51.459511,-0.214426|51.459332,-0.214182|51.459411,-0.214364|51.459378,-0.214232|51.459351,-0.214413|51.459376,-0.214604|51.459379,-0.214205|51.459466,-0.214473|51.459655,-0.214481|51.459405,-0.214759","51.450591,-0.207379","51.459405,-0.214759",Prema Plumbing Putney reviews,boiler repair Putney,bathroom installation,"51.459409,-0.214409","51.453479,-0.200239","51.46737,-0.240809"
