account_id,account_email,geelark_phone_id,multilogin_profile_id,business_id,business_name,business_address,business_location,business_area,business_lat,business_lng,business_goal,business_share_link,home_lat,home_lng,home_address,work_lat,work_lng,work_address,nearby_points,onsite_points,branded_keywords,money_keywords,discovery_keywords,standalone_keywords,nearby_points_discovery,nearby_points_standalone,nearby_points_branded
acc_004,jamessmithplumber1984@gmail.com,614216763072053315,7968a711-eaaf-4ae0-b7f8-6db5fccb65cb,biz_023,Crystal Palace Plumbing and Home Maintenance,"10 Vicars Oak Rd, Norwood, London SE19 1HE","Crystal Palace, London",south_east_london,51.420303,-0.084228,review,https://maps.app.goo.gl/pb9cYoc9cBGZWp2q8,51.528006,-0.087887,Residential address near london,51.53326,-0.107693,Work address near london,"51.4178,-0.08801|51.429244,-0.078082|51.425965,-0.074577|51.421794,-0.085557|51.420179,-0.082402|51.421522,-0.065489|51.425856,-0.066377|51.420263,-0.088782|51.421109,-0.073143|51.427605,-0.074903|51.420795,-0.078122|51.421451,-0.08765|51.423104,-0.082785|51.424974,-0.069802|51.421752,-0.077113|51.4293,-0.071077|51.421216,-0.088953|51.409366,-0.070431|51.414426,-0.075419|51.416375,-0.091011","51.420361,-0.084407|51.420342,-0.084159|51.420468,-0.084336|51.420315,-0.084351|51.420291,-0.084221|51.420502,-0.084082|51.420095,-0.084228|51.420464,-0.084235|51.420274,-0.084378|51.420404,-0.084191","Crystal Palace Plumbing and Home Maintenance|Crystal Palace Plumbing and Home Maintenance near me|Crystal Palace Plumbing and Home Maintenance reviews|Crystal Palace Plumbing and Home Maintenance phone number|Crystal Palace Plumbing and Home Maintenance contact|Crystal Palace Plumbing and Home Maintenance opening hours|Crystal Palace Plumbing and Home Maintenance emergency|Crystal Palace Plumbing and Home Maintenance 24 hour|Crystal Palace Plumbing and Home Maintenance services|Crystal Palace Plumbing and Home Maintenance 10 Vicars Oak Rd|Crystal Palace Plumbing and Home Maintenance London SE19 1HE|Crystal Palace Plumbing and Home Maintenance Crystal Palace, London|Crystal Palace Plumbing and Home Maintenance Google Maps|Crystal Palace Plumbing and Home Maintenance directions|Crystal Palace Plumbing and Home Maintenance website|Crystal Palace Plumbing and Home Maintenance call|Crystal Palace Plumbing and Home Maintenance cheap|Crystal Palace Plumbing and Home Maintenance best|Crystal Palace Plumbing and Home Maintenance local|Crystal Palace Plumbing and Home Maintenance address",emergency plumber near me|best plumber near me|24 hour plumber near me|cheap plumber near me|plumber near me|emergency plumbing near me|local plumber near me|plumbing services near me|gas plumber near me|boiler repair near me|drain unblocking near me|heating engineer near me|reliable plumber near me|same day plumber near me|plumbing company near me|burst pipe repair near me|central heating repair near me|toilet repair near me|affordable plumber near me|top rated plumber near me,"plumbing Crystal Palace, London|plumbing near Crystal Palace, London|plumbing Crystal Palace London|plumbing near Crystal Palace London|emergency plumbing Crystal Palace, London|emergency plumbing near Crystal Palace, London|best plumbing Crystal Palace, London|best plumbing near Crystal Palace, London|24 hour plumbing Crystal Palace, London|24 hour plumbing near Crystal Palace, London|cheap plumbing Crystal Palace, London|cheap plumbing near Crystal Palace, London|local plumbing Crystal Palace, London|local plumbing near Crystal Palace, London|gas plumbing Crystal Palace, London|gas plumbing near Crystal Palace, London|reliable plumbing Crystal Palace, London|reliable plumbing near Crystal Palace, London|same day plumbing Crystal Palace, London|same day plumbing near Crystal Palace, London",plumbing|plumbing near me|emergency plumbing|emergency plumbing near me|best plumbing|best plumbing near me|24 hour plumbing|24 hour plumbing near me|cheap plumbing|cheap plumbing near me|local plumbing|local plumbing near me|gas plumbing|gas plumbing near me|boiler repair|boiler repair near me|drain unblocking|drain unblocking near me|leak detection|leak detection near me,"51.405385,-0.089797|51.433703,-0.076386|51.428497,-0.064179|51.409617,-0.063444|51.404272,-0.077661|51.433286,-0.099878|51.410389,-0.067229|51.421513,-0.097383|51.435434,-0.077278|51.408256,-0.075864|51.417934,-0.059002|51.408157,-0.075702","51.424308,-0.083214|51.418221,-0.084227|51.417192,-0.084907|51.420617,-0.083601|51.418373,-0.083655|51.421063,-0.0874|51.423227,-0.087936|51.421292,-0.088218|51.419245,-0.082857|51.423554,-0.085151|51.424022,-0.083653|51.422294,-0.078684","51.428843,-0.104971|51.426599,-0.089472|51.427335,-0.058327|51.432859,-0.101124|51.404841,-0.075461|51.40234,-0.083551|51.431574,-0.100042|51.411739,-0.063944|51.433518,-0.102408|51.430909,-0.087671|51.407993,-0.064717|51.430141,-0.09506"
acc_005,oliverjohnsondrains@gmail.com,614216769833271363,fba31c86-6446-4205-866d-5a00d0161621,biz_001,Southwark Plumbers,"12 Crosby Row, London SE1 3PT","Southwark, London",south_east_london,51.501364,-0.088611,review,https://maps.app.goo.gl/GZXa2QmwNhm7hNQW9,51.500749,-0.128356,Residential address near south_east_london,51.497655,-0.083149,Work address near south_east_london,"51.500742,-0.088169|51.501804,-0.088349|51.498965,-0.09572|51.504204,-0.091848|51.503845,-0.098245|51.501176,-0.090773|51.499753,-0.074775|51.498889,-0.108602|51.511256,-0.085978|51.500158,-0.091726|51.499842,-0.093435|51.512271,-0.085934|51.492028,-0.101694|51.500717,-0.098173|51.501216,-0.08664|51.505084,-0.087036|51.492155,-0.093851|51.501086,-0.085245|51.490677,-0.075188|51.500848,-0.089611","51.501449,-0.088256|51.501307,-0.088712|51.50146,-0.088696|51.501492,-0.088879|51.501266,-0.088852|51.501222,-0.088613|51.501535,-0.088323|51.501433,-0.088909|51.501491,-0.088685|51.501218,-0.088806","Southwark Plumbers|Southwark Plumbers near me|Southwark Plumbers reviews|Southwark Plumbers phone number|Southwark Plumbers contact|Southwark Plumbers opening hours|Southwark Plumbers emergency|Southwark Plumbers 24 hour|Southwark Plumbers services|Southwark Plumbers 12 Crosby Row|Southwark Plumbers London SE1 3PT|Southwark Plumbers Southwark, London|Southwark Plumbers Google Maps|Southwark Plumbers directions|Southwark Plumbers website|Southwark Plumbers call|Southwark Plumbers cheap|Southwark Plumbers best|Southwark Plumbers local|Southwark Plumbers address",emergency plumber near me|best plumber near me|24 hour plumber near me|cheap plumber near me|plumber near me|emergency plumbing near me|local plumber near me|plumbing services near me|gas plumber near me|boiler repair near me|drain unblocking near me|heating engineer near me|reliable plumber near me|same day plumber near me|plumbing company near me|burst pipe repair near me|central heating repair near me|toilet repair near me|affordable plumber near me|top rated plumber near me,"plumber Southwark, London|plumber near Southwark, London|plumber Southwark London|plumber near Southwark London|emergency plumber Southwark, London|emergency plumber near Southwark, London|best plumber Southwark, London|best plumber near Southwark, London|24 hour plumber Southwark, London|24 hour plumber near Southwark, London|cheap plumber Southwark, London|cheap plumber near Southwark, London|local plumber Southwark, London|local plumber near Southwark, London|gas plumber Southwark, London|gas plumber near Southwark, London|reliable plumber Southwark, London|reliable plumber near Southwark, London|same day plumber Southwark, London|same day plumber near Southwark, London",plumber|plumber near me|emergency plumber|emergency plumber near me|best plumber|best plumber near me|24 hour plumber|24 hour plumber near me|cheap plumber|cheap plumber near me|local plumber|local plumber near me|gas plumber|gas plumber near me|boiler repair|boiler repair near me|drain unblocking|drain unblocking near me|leak detection|leak detection near me,"51.485633,-0.099649|51.495522,-0.090725|51.503616,-0.116312|51.485785,-0.080372|51.48842,-0.082556|51.500752,-0.067471|51.509453,-0.066665|51.499619,-0.109983|51.502946,-0.100633|51.485808,-0.090876|51.511662,-0.079765|51.504921,-0.08125","51.502272,-0.084085|51.499749,-0.084501|51.500252,-0.095184|51.500863,-0.088226|51.501495,-0.093309|51.502533,-0.094845|51.497087,-0.090069|51.50414,-0.092458|51.500627,-0.093227|51.501305,-0.093775|51.502496,-0.086795|51.504062,-0.086748","51.506099,-0.0676|51.485855,-0.089144|51.490978,-0.074357|51.505522,-0.064634|51.515524,-0.106329|51.51256,-0.082737|51.487054,-0.073413|51.501429,-0.062217|51.500401,-0.079247|51.493941,-0.111381|51.491913,-0.082144|51.491878,-0.075993"
acc_006,williambrown314809@gmail.com,614216773910135154,2a5a3c6b-c7e1-4c54-801d-898fb667a961,biz_003,Ruby Plumbers Rainham,"9 Ferro Rd, Rainham RM13 9TP","Rainham, London",east_london,51.517356,0.195738,review,https://maps.app.goo.gl/5XnChhimgSc2Sm3y8,51.510654,0.186319,Residential address near east_london,51.521184,0.211874,Work address near east_london,"51.515855,0.182574|51.513881,0.210675|51.509607,0.215301|51.507309,0.196582|51.51537,0.202726|51.5262,0.193022|51.520708,0.19769|51.516807,0.174315|51.513626,0.200064|51.521204,0.191879|51.512225,0.204018|51.51391,0.203769|51.51062,0.205644|51.509398,0.208376|51.521566,0.211257|51.513458,0.191717|51.523509,0.2024|51.516392,0.191282|51.519824,0.218188|51.514533,0.198033","51.517371,0.196027|51.517555,0.195672|51.517433,0.195439|51.517432,0.195793|51.517384,0.195825|51.517433,0.195812|51.517345,0.19613|51.517284,0.196043|51.517208,0.195942|51.517283,0.195598","Ruby Plumbers Rainham|Ruby Plumbers Rainham near me|Ruby Plumbers Rainham reviews|Ruby Plumbers Rainham phone number|Ruby Plumbers Rainham contact|Ruby Plumbers Rainham opening hours|Ruby Plumbers Rainham emergency|Ruby Plumbers Rainham 24 hour|Ruby Plumbers Rainham services|Ruby Plumbers Rainham 9 Ferro Rd|Ruby Plumbers Rainham Rainham RM13 9TP|Ruby Plumbers Rainham Rainham, London|Ruby Plumbers Rainham Google Maps|Ruby Plumbers Rainham directions|Ruby Plumbers Rainham website|Ruby Plumbers Rainham call|Ruby Plumbers Rainham cheap|Ruby Plumbers Rainham best|Ruby Plumbers Rainham local|Ruby Plumbers Rainham address",emergency plumber near me|best plumber near me|24 hour plumber near me|cheap plumber near me|plumber near me|emergency plumbing near me|local plumber near me|plumbing services near me|gas plumber near me|boiler repair near me|drain unblocking near me|heating engineer near me|reliable plumber near me|same day plumber near me|plumbing company near me|burst pipe repair near me|central heating repair near me|toilet repair near me|affordable plumber near me|top rated plumber near me,"plumber Rainham, London|plumber near Rainham, London|plumber Rainham London|plumber near Rainham London|emergency plumber Rainham, London|emergency plumber near Rainham, London|best plumber Rainham, London|best plumber near Rainham, London|24 hour plumber Rainham, London|24 hour plumber near Rainham, London|cheap plumber Rainham, London|cheap plumber near Rainham, London|local plumber Rainham, London|local plumber near Rainham, London|gas plumber Rainham, London|gas plumber near Rainham, London|reliable plumber Rainham, London|reliable plumber near Rainham, London|same day plumber Rainham, London|same day plumber near Rainham, London",plumber|plumber near me|emergency plumber|emergency plumber near me|best plumber|best plumber near me|24 hour plumber|24 hour plumber near me|cheap plumber|cheap plumber near me|local plumber|local plumber near me|gas plumber|gas plumber near me|boiler repair|boiler repair near me|drain unblocking|drain unblocking near me|leak detection|leak detection near me,"51.514027,0.180376|51.509261,0.200005|51.526735,0.171919|51.527669,0.192897|51.516673,0.187209|51.518625,0.218791|51.521366,0.198851|51.515192,0.222731|51.52908,0.206878|51.50652,0.206176|51.514876,0.167583|51.503341,0.185959","51.517236,0.194463|51.515063,0.194979|51.519618,0.197057|51.514883,0.190181|51.513507,0.199386|51.515326,0.199962|51.517935,0.194866|51.517289,0.202016|51.52005,0.198129|51.518524,0.19799|51.518932,0.201497|51.516456,0.191719","51.525053,0.193201|51.521131,0.213025|51.519729,0.195005|51.520364,0.185844|51.519205,0.172642|51.532867,0.204153|51.507625,0.1932|51.520766,0.215982|51.528582,0.208795|51.516484,0.217686|51.503734,0.184051|51.513749,0.180033"
acc_007,danniharbourne@gmail.com,614216777836003395,ac09b285-6c64-4b0f-a27e-bda7d18591ea,biz_004,Prema Plumbing Putney,"115 Upper Richmond Rd, London SW15 2AD","Putney, London",south_west_london,51.459409,-0.214409,review,https://maps.app.goo.gl/rokJx2UXNm1MLo5J7,51.439696,-0.216263,Residential address near south_west_london,51.466459,-0.211432,Work address near south_west_london,"51.451753,-0.220253|51.459312,-0.204275|51.456414,-0.227134|51.463694,-0.222176|51.467436,-0.207091|51.456463,-0.215663|51.458471,-0.221922|51.458465,-0.213745|51.466142,-0.228535|51.462799,-0.215533|51.461206,-0.209874|51.453092,-0.224221|51.459293,-0.213026|51.460481,-0.236525|51.470249,-0.21348|51.457956,-0.208775|51.45828,-0.210592|51.454336,-0.235012|51.456681,-0.211269|51.448269,-0.22602","51.459497,-0.214504|51.459419,-0.214132|51.459453,-0.214316|51.459219,-0.214416|51.459397,-0.214398|51.459421,-0.214287|51.459371,-0.214615|51.459568,-0.214458|51.459188,-0.214486|51.459361,-0.214358","Prema Plumbing Putney|Prema Plumbing Putney near me|Prema Plumbing Putney reviews|Prema Plumbing Putney phone number|Prema Plumbing Putney contact|Prema Plumbing Putney opening hours|Prema Plumbing Putney emergency|Prema Plumbing Putney 24 hour|Prema Plumbing Putney services|Prema Plumbing Putney 115 Upper Richmond Rd|Prema Plumbing Putney London SW15 2AD|Prema Plumbing Putney Putney, London|Prema Plumbing Putney Google Maps|Prema Plumbing Putney directions|Prema Plumbing Putney website|Prema Plumbing Putney call|Prema Plumbing Putney cheap|Prema Plumbing Putney best|Prema Plumbing Putney local|Prema Plumbing Putney address",emergency plumber near me|best plumber near me|24 hour plumber near me|cheap plumber near me|plumber near me|emergency plumbing near me|local plumber near me|plumbing services near me|gas plumber near me|boiler repair near me|drain unblocking near me|heating engineer near me|reliable plumber near me|same day plumber near me|plumbing company near me|burst pipe repair near me|central heating repair near me|toilet repair near me|affordable plumber near me|top rated plumber near me,"plumbing Putney, London|plumbing near Putney, London|plumbing Putney London|plumbing near Putney London|emergency plumbing Putney, London|emergency plumbing near Putney, London|best plumbing Putney, London|best plumbing near Putney, London|24 hour plumbing Putney, London|24 hour plumbing near Putney, London|cheap plumbing Putney, London|cheap plumbing near Putney, London|local plumbing Putney, London|local plumbing near Putney, London|gas plumbing Putney, London|gas plumbing near Putney, London|reliable plumbing Putney, London|reliable plumbing near Putney, London|same day plumbing Putney, London|same day plumbing near Putney, London",plumbing|plumbing near me|emergency plumbing|emergency plumbing near me|best plumbing|best plumbing near me|24 hour plumbing|24 hour plumbing near me|cheap plumbing|cheap plumbing near me|local plumbing|local plumbing near me|gas plumbing|gas plumbing near me|boiler repair|boiler repair near me|drain unblocking|drain unblocking near me|leak detection|leak detection near me,"51.445812,-0.205739|51.44869,-0.201603|51.446818,-0.221617|51.476615,-0.209218|51.468367,-0.203593|51.464162,-0.231782|51.448229,-0.200312|51.462389,-0.241634|51.45124,-0.201313|51.476248,-0.212204|51.464099,-0.228769|51.45092,-0.209836","51.461871,-0.218209|51.460874,-0.21436|51.457608,-0.217319|51.456421,-0.210983|51.460949,-0.213873|51.460211,-0.217738|51.456458,-0.209964|51.456118,-0.214578|51.460036,-0.22024|51.457801,-0.211072|51.459369,-0.209256|51.459262,-0.211658","51.453076,-0.238392|51.450493,-0.214299|51.469162,-0.217911|51.471506,-0.215973|51.470075,-0.213471|51.461844,-0.212872|51.447369,-0.232429|51.452583,-0.219407|51.465584,-0.206051|51.471401,-0.232207|51.443047,-0.20455|51.450042,-0.227585"
acc_008,dennislambartt@gmail.com,614216782181302642,3ebc6f4a-a2db-4036-b06e-6dcc14aafec6,biz_005,Streatham Plumbing & Heating Ltd,"13B Shrubbery Rd, London SW16 2AS","Streatham, London",south_west_london,51.430107,-0.128285,edit,https://maps.app.goo.gl/jFnJ1jdFAnEYFxny8,51.408489,-0.148358,Residential address near south_west_london,51.44077,-0.101731,Work address near south_west_london,"51.435042,-0.110429|51.430398,-0.126566|51.429023,-0.126098|51.427776,-0.121215|51.42652,-0.131698|51.441136,-0.128567|51.426065,-0.146592|51.421555,-0.123482|51.436156,-0.137277|51.427871,-0.134662|51.42559,-0.125277|51.437024,-0.127863|51.430529,-0.143826|51.427217,-0.138943|51.419011,-0.141758|51.43026,-0.12616|51.436885,-0.143587|51.434467,-0.130944|51.42649,-0.108019|51.429993,-0.131066","51.43006,-0.128378|51.430176,-0.127903|51.429902,-0.128109|51.430259,-0.128307|51.43009,-0.128108|51.430028,-0.128231|51.430091,-0.128215|51.43011,-0.128193|51.430358,-0.128171|51.430143,-0.128709","Streatham Plumbing & Heating Ltd|Streatham Plumbing & Heating Ltd near me|Streatham Plumbing & Heating Ltd reviews|Streatham Plumbing & Heating Ltd phone number|Streatham Plumbing & Heating Ltd contact|Streatham Plumbing & Heating Ltd opening hours|Streatham Plumbing & Heating Ltd emergency|Streatham Plumbing & Heating Ltd 24 hour|Streatham Plumbing & Heating Ltd services|Streatham Plumbing & Heating Ltd 13B Shrubbery Rd|Streatham Plumbing & Heating Ltd London SW16 2AS|Streatham Plumbing & Heating Ltd Streatham, London|Streatham Plumbing & Heating Ltd Google Maps|Streatham Plumbing & Heating Ltd directions|Streatham Plumbing & Heating Ltd website|Streatham Plumbing & Heating Ltd call|Streatham Plumbing & Heating Ltd cheap|Streatham Plumbing & Heating Ltd best|Streatham Plumbing & Heating Ltd local|Streatham Plumbing & Heating Ltd address",emergency plumber near me|best plumber near me|24 hour plumber near me|cheap plumber near me|plumber near me|emergency plumbing near me|local plumber near me|plumbing services near me|gas plumber near me|boiler repair near me|drain unblocking near me|heating engineer near me|reliable plumber near me|same day plumber near me|plumbing company near me|burst pipe repair near me|central heating repair near me|toilet repair near me|affordable plumber near me|top rated plumber near me,"plumbing Streatham, London|plumbing near Streatham, London|plumbing Streatham London|plumbing near Streatham London|emergency plumbing Streatham, London|emergency plumbing near Streatham, London|best plumbing Streatham, London|best plumbing near Streatham, London|24 hour plumbing Streatham, London|24 hour plumbing near Streatham, London|cheap plumbing Streatham, London|cheap plumbing near Streatham, London|local plumbing Streatham, London|local plumbing near Streatham, London|gas plumbing Streatham, London|gas plumbing near Streatham, London|reliable plumbing Streatham, London|reliable plumbing near Streatham, London|same day plumbing Streatham, London|same day plumbing near Streatham, London",plumbing|plumbing near me|emergency plumbing|emergency plumbing near me|best plumbing|best plumbing near me|24 hour plumbing|24 hour plumbing near me|cheap plumbing|cheap plumbing near me|local plumbing|local plumbing near me|gas plumbing|gas plumbing near me|boiler repair|boiler repair near me|drain unblocking|drain unblocking near me|leak detection|leak detection near me,"51.447731,-0.126549|51.413418,-0.12178|51.442923,-0.13365|51.431138,-0.11158|51.436601,-0.115288|51.42666,-0.125353|51.424869,-0.115216|51.419207,-0.113902|51.420761,-0.113741|51.416121,-0.140572|51.426237,-0.108312|51.446771,-0.1373","51.430621,-0.134183|51.427647,-0.124714|51.430271,-0.124979|51.433035,-0.125095|51.432112,-0.122178|51.427168,-0.130314|51.429037,-0.129946|51.433547,-0.132176|51.427483,-0.124396|51.428986,-0.123416|51.431586,-0.121722|51.426161,-0.126879","51.417085,-0.144349|51.447408,-0.128424|51.427931,-0.109157|51.43775,-0.119618|51.424286,-0.141816|51.437559,-0.140665|51.432372,-0.152535|51.416427,-0.122649|51.418919,-0.128145|51.446359,-0.124179|51.436214,-0.127094|51.439853,-0.134882"
acc_010,bradyjazeel@gmail.com,614216786023284803,e6f54f5f-6465-420c-b93b-cdbaf26491b8,biz_006,Camberwell Plumbing & Heating Ltd,"14 Tillings Cl, London SE5 0BX","Camberwell, London",south_east_london,51.474058,-0.0939,edit,https://maps.app.goo.gl/JjSW28UXGUEkHXh8A,51.466196,-0.084735,Residential address near south_east_london,51.469975,-0.10463,Work address near south_east_london,"51.481911,-0.111513|51.486553,-0.104004|51.481337,-0.103631|51.471059,-0.091211|51.480037,-0.084955|51.475168,-0.093843|51.486372,-0.085055|51.480819,-0.101716|51.473179,-0.086891|51.476096,-0.091149|51.478057,-0.096935|51.475432,-0.093356|51.470013,-0.103197|51.4843,-0.081565|51.476961,-0.083189|51.469294,-0.099104|51.476954,-0.083818|51.481187,-0.081008|51.462138,-0.083116|51.477053,-0.107513","51.474314,-0.093766|51.474211,-0.094095|51.474005,-0.093523|51.47407,-0.093623|51.473961,-0.094116|51.474055,-0.093736|51.474101,-0.094013|51.474095,-0.094213|51.474026,-0.093579|51.474046,-0.093888","Camberwell Plumbing & Heating Ltd|Camberwell Plumbing & Heating Ltd near me|Camberwell Plumbing & Heating Ltd reviews|Camberwell Plumbing & Heating Ltd phone number|Camberwell Plumbing & Heating Ltd contact|Camberwell Plumbing & Heating Ltd opening hours|Camberwell Plumbing & Heating Ltd emergency|Camberwell Plumbing & Heating Ltd 24 hour|Camberwell Plumbing & Heating Ltd services|Camberwell Plumbing & Heating Ltd 14 Tillings Cl|Camberwell Plumbing & Heating Ltd London SE5 0BX|Camberwell Plumbing & Heating Ltd Camberwell, London|Camberwell Plumbing & Heating Ltd Google Maps|Camberwell Plumbing & Heating Ltd directions|Camberwell Plumbing & Heating Ltd website|Camberwell Plumbing & Heating Ltd call|Camberwell Plumbing & Heating Ltd cheap|Camberwell Plumbing & Heating Ltd best|Camberwell Plumbing & Heating Ltd local|Camberwell Plumbing & Heating Ltd address",emergency plumber near me|best plumber near me|24 hour plumber near me|cheap plumber near me|plumber near me|emergency plumbing near me|local plumber near me|plumbing services near me|gas plumber near me|boiler repair near me|drain unblocking near me|heating engineer near me|reliable plumber near me|same day plumber near me|plumbing company near me|burst pipe repair near me|central heating repair near me|toilet repair near me|affordable plumber near me|top rated plumber near me,"plumbing Camberwell, London|plumbing near Camberwell, London|plumbing Camberwell London|plumbing near Camberwell London|emergency plumbing Camberwell, London|emergency plumbing near Camberwell, London|best plumbing Camberwell, London|best plumbing near Camberwell, London|24 hour plumbing Camberwell, London|24 hour plumbing near Camberwell, London|cheap plumbing Camberwell, London|cheap plumbing near Camberwell, London|local plumbing Camberwell, London|local plumbing near Camberwell, London|gas plumbing Camberwell, London|gas plumbing near Camberwell, London|reliable plumbing Camberwell, London|reliable plumbing near Camberwell, London|same day plumbing Camberwell, London|same day plumbing near Camberwell, London",plumbing|plumbing near me|emergency plumbing|emergency plumbing near me|best plumbing|best plumbing near me|24 hour plumbing|24 hour plumbing near me|cheap plumbing|cheap plumbing near me|local plumbing|local plumbing near me|gas plumbing|gas plumbing near me|boiler repair|boiler repair near me|drain unblocking|drain unblocking near me|leak detection|leak detection near me,"51.480341,-0.068482|51.472744,-0.084574|51.470334,-0.099137|51.466434,-0.094288|51.470128,-0.117221|51.463,-0.097786|51.467839,-0.082542|51.486553,-0.092557|51.464731,-0.08109|51.461915,-0.094737|51.474071,-0.09256|51.458493,-0.091071","51.472446,-0.087691|51.475038,-0.095297|51.474965,-0.09304|51.472676,-0.095339|51.474385,-0.097289|51.471915,-0.095678|51.471031,-0.095136|51.477625,-0.092013|51.477554,-0.090366|51.476021,-0.095546|51.477307,-0.089582|51.470711,-0.09383","51.471564,-0.085506|51.465557,-0.075774|51.488074,-0.089527|51.477168,-0.092944|51.486723,-0.107508|51.47785,-0.090756|51.480889,-0.102718|51.464331,-0.103364|51.487862,-0.096535|51.470043,-0.115888|51.460562,-0.103315|51.465472,-0.1076"
acc_012,andrewjocobyte@gmail.com,614216790150480242,4d6e5cb7-bd80-4acc-80d2-50c18acf30e2,biz_007,Mitcham Plumbing and Heating,"24 Chatsworth Pl, Mitcham CR4 4NN","Mitcham, London",south_london,51.402959,-0.165912,review,https://maps.app.goo.gl/MAGaYhpJ1P8gNPyD9,51.392276,-0.193204,Residential address near south_london,51.396223,-0.156904,Work address near south_london,"51.401232,-0.183667|51.401297,-0.177783|51.4069,-0.163426|51.405968,-0.145085|51.401228,-0.163903|51.402202,-0.171561|51.396184,-0.170389|51.41076,-0.184487|51.410649,-0.180458|51.394875,-0.168936|51.399972,-0.183069|51.416557,-0.1593|51.393297,-0.158003|51.396092,-0.181|51.401192,-0.173436|51.403511,-0.148489|51.410745,-0.149775|51.401594,-0.161267|51.395164,-0.150576|51.405886,-0.184768","51.402846,-0.166044|51.402969,-0.165859|51.402837,-0.165648|51.402901,-0.166177|51.402965,-0.16592|51.402967,-0.165898|51.402956,-0.165912|51.402908,-0.166004|51.402961,-0.165908|51.403098,-0.166087","Mitcham Plumbing and Heating|Mitcham Plumbing and Heating near me|Mitcham Plumbing and Heating reviews|Mitcham Plumbing and Heating phone number|Mitcham Plumbing and Heating contact|Mitcham Plumbing and Heating opening hours|Mitcham Plumbing and Heating emergency|Mitcham Plumbing and Heating 24 hour|Mitcham Plumbing and Heating services|Mitcham Plumbing and Heating 24 Chatsworth Pl|Mitcham Plumbing and Heating Mitcham CR4 4NN|Mitcham Plumbing and Heating Mitcham, London|Mitcham Plumbing and Heating Google Maps|Mitcham Plumbing and Heating directions|Mitcham Plumbing and Heating website|Mitcham Plumbing and Heating call|Mitcham Plumbing and Heating cheap|Mitcham Plumbing and Heating best|Mitcham Plumbing and Heating local|Mitcham Plumbing and Heating address",emergency plumber near me|best plumber near me|24 hour plumber near me|cheap plumber near me|plumber near me|emergency plumbing near me|local plumber near me|plumbing services near me|gas plumber near me|boiler repair near me|drain unblocking near me|heating engineer near me|reliable plumber near me|same day plumber near me|plumbing company near me|burst pipe repair near me|central heating repair near me|toilet repair near me|affordable plumber near me|top rated plumber near me,"plumbing Mitcham, London|plumbing near Mitcham, London|plumbing Mitcham London|plumbing near Mitcham London|emergency plumbing Mitcham, London|emergency plumbing near Mitcham, London|best plumbing Mitcham, London|best plumbing near Mitcham, London|24 hour plumbing Mitcham, London|24 hour plumbing near Mitcham, London|cheap plumbing Mitcham, London|cheap plumbing near Mitcham, London|local plumbing Mitcham, London|local plumbing near Mitcham, London|gas plumbing Mitcham, London|gas plumbing near Mitcham, London|reliable plumbing Mitcham, London|reliable plumbing near Mitcham, London|same day plumbing Mitcham, London|same day plumbing near Mitcham, London",plumbing|plumbing near me|emergency plumbing|emergency plumbing near me|best plumbing|best plumbing near me|24 hour plumbing|24 hour plumbing near me|cheap plumbing|cheap plumbing near me|local plumbing|local plumbing near me|gas plumbing|gas plumbing near me|boiler repair|boiler repair near me|drain unblocking|drain unblocking near me|leak detection|leak detection near me,"51.388369,-0.168246|51.402119,-0.172463|51.41418,-0.169199|51.414433,-0.167945|51.40611,-0.152377|51.41831,-0.151835|51.399331,-0.166669|51.391154,-0.178726|51.411783,-0.150542|51.414225,-0.153775|51.40514,-0.184501|51.407575,-0.188043","51.404487,-0.162805|51.403691,-0.172355|51.404199,-0.166363|51.40321,-0.16082|51.405015,-0.166901|51.405011,-0.164386|51.400831,-0.167096|51.403881,-0.16661|51.404699,-0.161732|51.404065,-0.16176|51.405786,-0.16865|51.40575,-0.168291","51.403658,-0.153701|51.405483,-0.140985|51.407171,-0.193284|51.400554,-0.165584|51.393911,-0.148918|51.410938,-0.172896|51.398493,-0.169361|51.417045,-0.175287|51.418947,-0.177251|51.414034,-0.169798|51.394965,-0.157163|51.407182,-0.141119"
acc_013,billyhavenstock@gmail.com,614216794093125699,5d295f6c-7214-416a-b201-f26410a7da0b,biz_008,Woolwich Plumbing & Heating,"Windrush House, London SE18 6EL","Woolwich, London",south_east_london,51.489181,0.068107,review,https://maps.app.goo.gl/TdfVwksigLJvDmeN7,51.48983,0.031054,Residential address near south_east_london,51.472227,0.074661,Work address near south_east_london,"51.477977,0.081185|51.489576,0.066269|51.482095,0.063682|51.478585,0.066436|51.497958,0.06775|51.488598,0.071209|51.483455,0.059126|51.484549,0.086566|51.48628,0.069666|51.493127,0.050922|51.488714,0.068819|51.481522,0.050479|51.500978,0.071813|51.499821,0.062143|51.493905,0.087161|51.486973,0.059506|51.500458,0.061753|51.476126,0.077655|51.495924,0.084848|51.493772,0.074355","51.489169,0.068152|51.489065,0.067744|51.489228,0.068227|51.489123,0.067814|51.489402,0.068327|51.489181,0.0681|51.48944,0.068041|51.488969,0.068235|51.489216,0.068263|51.489131,0.068084","Woolwich Plumbing & Heating|Woolwich Plumbing & Heating near me|Woolwich Plumbing & Heating reviews|Woolwich Plumbing & Heating phone number|Woolwich Plumbing & Heating contact|Woolwich Plumbing & Heating opening hours|Woolwich Plumbing & Heating emergency|Woolwich Plumbing & Heating 24 hour|Woolwich Plumbing & Heating services|Woolwich Plumbing & Heating Windrush House|Woolwich Plumbing & Heating London SE18 6EL|Woolwich Plumbing & Heating Woolwich, London|Woolwich Plumbing & Heating Google Maps|Woolwich Plumbing & Heating directions|Woolwich Plumbing & Heating website|Woolwich Plumbing & Heating call|Woolwich Plumbing & Heating cheap|Woolwich Plumbing & Heating best|Woolwich Plumbing & Heating local|Woolwich Plumbing & Heating address",emergency plumber near me|best plumber near me|24 hour plumber near me|cheap plumber near me|plumber near me|emergency plumbing near me|local plumber near me|plumbing services near me|gas plumber near me|boiler repair near me|drain unblocking near me|heating engineer near me|reliable plumber near me|same day plumber near me|plumbing company near me|burst pipe repair near me|central heating repair near me|toilet repair near me|affordable plumber near me|top rated plumber near me,"plumbing Woolwich, London|plumbing near Woolwich, London|plumbing Woolwich London|plumbing near Woolwich London|emergency plumbing Woolwich, London|emergency plumbing near Woolwich, London|best plumbing Woolwich, London|best plumbing near Woolwich, London|24 hour plumbing Woolwich, London|24 hour plumbing near Woolwich, London|cheap plumbing Woolwich, London|cheap plumbing near Woolwich, London|local plumbing Woolwich, London|local plumbing near Woolwich, London|gas plumbing Woolwich, London|gas plumbing near Woolwich, London|reliable plumbing Woolwich, London|reliable plumbing near Woolwich, London|same day plumbing Woolwich, London|same day plumbing near Woolwich, London",plumbing|plumbing near me|emergency plumbing|emergency plumbing near me|best plumbing|best plumbing near me|24 hour plumbing|24 hour plumbing near me|cheap plumbing|cheap plumbing near me|local plumbing|local plumbing near me|gas plumbing|gas plumbing near me|boiler repair|boiler repair near me|drain unblocking|drain unblocking near me|leak detection|leak detection near me,"51.494382,0.093308|51.505061,0.066685|51.481222,0.042996|51.493839,0.040611|51.47642,0.080846|51.500184,0.067467|51.497669,0.089728|51.495214,0.068282|51.479773,0.076456|51.502916,0.058833|51.476097,0.080308|51.486684,0.05423","51.486717,0.066695|51.49151,0.066192|51.486911,0.069722|51.488039,0.066169|51.488065,0.073141|51.488804,0.067103|51.487728,0.071608|51.485021,0.067226|51.493223,0.069897|51.491449,0.069807|51.490194,0.068532|51.486579,0.067066","51.483019,0.083239|51.481927,0.08664|51.494251,0.079341|51.482826,0.076146|51.478392,0.060191|51.500068,0.0886|51.503585,0.054151|51.485897,0.087566|51.499752,0.088226|51.503798,0.057833|51.474097,0.053531|51.49076,0.045932"
acc_014,jacobsiesta38@gmail.com,614216798086103107,376b1940-ba05-4194-b0e1-29521086ca53,biz_010,Fix-A-Leak Plumber Walthamstow Ltd,"484-512 Forest Rd, London E17 4PZ","Walthamstow, London",east_london,51.590344,-0.01961,review,https://maps.app.goo.gl/CQgSKTJ48yLuhY6B8,51.564955,-0.034946,Residential address near east_london,51.599534,-0.006084,Work address near east_london,"51.584746,-0.020693|51.595466,-0.013698|51.585786,-0.032204|51.587481,-0.011519|51.590254,-0.026149|51.580027,-0.023191|51.591411,-0.019957|51.592608,-0.015867|51.603955,-0.015833|51.598632,-0.034307|51.590166,-0.010153|51.587631,-0.012768|51.596349,-0.000888|51.577939,-0.022463|51.590829,-0.018979|51.589829,-0.020372|51.595608,-0.039752|51.591381,-0.004752|51.587596,-0.009651|51.585958,-0.012868","51.59047,-0.01999|51.590198,-0.019557|51.590571,-0.019642|51.590391,-0.019806|51.590377,-0.019878|51.59032,-0.019664|51.590275,-0.019609|51.590384,-0.019497|51.590439,-0.019669|51.590361,-0.019489","Fix-A-Leak Plumber Walthamstow Ltd|Fix-A-Leak Plumber Walthamstow Ltd near me|Fix-A-Leak Plumber Walthamstow Ltd reviews|Fix-A-Leak Plumber Walthamstow Ltd phone number|Fix-A-Leak Plumber Walthamstow Ltd contact|Fix-A-Leak Plumber Walthamstow Ltd opening hours|Fix-A-Leak Plumber Walthamstow Ltd emergency|Fix-A-Leak Plumber Walthamstow Ltd 24 hour|Fix-A-Leak Plumber Walthamstow Ltd services|Fix-A-Leak Plumber Walthamstow Ltd 484-512 Forest Rd|Fix-A-Leak Plumber Walthamstow Ltd London E17 4PZ|Fix-A-Leak Plumber Walthamstow Ltd Walthamstow, London|Fix-A-Leak Plumber Walthamstow Ltd Google Maps|Fix-A-Leak Plumber Walthamstow Ltd directions|Fix-A-Leak Plumber Walthamstow Ltd website|Fix-A-Leak Plumber Walthamstow Ltd call|Fix-A-Leak Plumber Walthamstow Ltd cheap|Fix-A-Leak Plumber Walthamstow Ltd best|Fix-A-Leak Plumber Walthamstow Ltd local|Fix-A-Leak Plumber Walthamstow Ltd address",emergency plumber near me|best plumber near me|24 hour plumber near me|cheap plumber near me|plumber near me|emergency plumbing near me|local plumber near me|plumbing services near me|gas plumber near me|boiler repair near me|drain unblocking near me|heating engineer near me|reliable plumber near me|same day plumber near me|plumbing company near me|burst pipe repair near me|central heating repair near me|toilet repair near me|affordable plumber near me|top rated plumber near me,"plumber Walthamstow, London|plumber near Walthamstow, London|plumber Walthamstow London|plumber near Walthamstow London|emergency plumber Walthamstow, London|emergency plumber near Walthamstow, London|best plumber Walthamstow, London|best plumber near Walthamstow, London|24 hour plumber Walthamstow, London|24 hour plumber near Walthamstow, London|cheap plumber Walthamstow, London|cheap plumber near Walthamstow, London|local plumber Walthamstow, London|local plumber near Walthamstow, London|gas plumber Walthamstow, London|gas plumber near Walthamstow, London|reliable plumber Walthamstow, London|reliable plumber near Walthamstow, London|same day plumber Walthamstow, London|same day plumber near Walthamstow, London",plumber|plumber near me|emergency plumber|emergency plumber near me|best plumber|best plumber near me|24 hour plumber|24 hour plumber near me|cheap plumber|cheap plumber near me|local plumber|local plumber near me|gas plumber|gas plumber near me|boiler repair|boiler repair near me|drain unblocking|drain unblocking near me|leak detection|leak detection near me,"51.584371,-0.043587|51.58322,-0.026706|51.5898,-0.040244|51.590699,-0.025334|51.581562,-0.029357|51.601227,-0.014953|51.578862,-0.009436|51.607307,-0.02103|51.581617,-0.041129|51.588166,-0.047354|51.579113,-0.034406|51.577568,-0.01946","51.587882,-0.021603|51.586172,-0.021448|51.589993,-0.013019|51.592671,-0.023837|51.591451,-0.016518|51.588916,-0.019488|51.592386,-0.024776|51.58953,-0.01349|51.594221,-0.020369|51.587943,-0.017544|51.590607,-0.021272|51.589745,-0.020074","51.594942,-0.015964|51.590143,-0.008874|51.606116,-0.013478|51.579534,-0.026904|51.593298,0.005675|51.597119,-0.014532|51.579183,-0.02381|51.580983,-0.031097|51.605431,-0.017082|51.597945,-0.002225|51.599671,-0.007841|51.594041,-0.009997"
acc_015,masonhaggerley@gmail.com,614216802213298243,425aec27-1700-4447-b95c-4dca91b3172d,biz_011,Crystal Palace Plumbing and Home Maintenance,"10 Vicars Oak Rd, Norwood, London SE19 1HE","Crystal Palace, London",south_east_london,51.420303,-0.084228,review,https://maps.app.goo.gl/pb9cYoc9cBGZWp2q8,51.414139,-0.098794,Residential address near south_east_london,51.42275,-0.0579,Work address near south_east_london,"51.4178,-0.08801|51.429244,-0.078082|51.425965,-0.074577|51.421794,-0.085557|51.420179,-0.082402|51.421522,-0.065489|51.425856,-0.066377|51.420263,-0.088782|51.421109,-0.073143|51.427605,-0.074903|51.420795,-0.078122|51.421451,-0.08765|51.423104,-0.082785|51.424974,-0.069802|51.421752,-0.077113|51.4293,-0.071077|51.421216,-0.088953|51.409366,-0.070431|51.414426,-0.075419|51.416375,-0.091011","51.420361,-0.084407|51.420342,-0.084159|51.420468,-0.084336|51.420315,-0.084351|51.420291,-0.084221|51.420502,-0.084082|51.420095,-0.084228|51.420464,-0.084235|51.420274,-0.084378|51.420404,-0.084191","Crystal Palace Plumbing and Home Maintenance|Crystal Palace Plumbing and Home Maintenance near me|Crystal Palace Plumbing and Home Maintenance reviews|Crystal Palace Plumbing and Home Maintenance phone number|Crystal Palace Plumbing and Home Maintenance contact|Crystal Palace Plumbing and Home Maintenance opening hours|Crystal Palace Plumbing and Home Maintenance emergency|Crystal Palace Plumbing and Home Maintenance 24 hour|Crystal Palace Plumbing and Home Maintenance services|Crystal Palace Plumbing and Home Maintenance 10 Vicars Oak Rd|Crystal Palace Plumbing and Home Maintenance London SE19 1HE|Crystal Palace Plumbing and Home Maintenance Crystal Palace, London|Crystal Palace Plumbing and Home Maintenance Google Maps|Crystal Palace Plumbing and Home Maintenance directions|Crystal Palace Plumbing and Home Maintenance website|Crystal Palace Plumbing and Home Maintenance call|Crystal Palace Plumbing and Home Maintenance cheap|Crystal Palace Plumbing and Home Maintenance best|Crystal Palace Plumbing and Home Maintenance local|Crystal Palace Plumbing and Home Maintenance address",emergency plumber near me|best plumber near me|24 hour plumber near me|cheap plumber near me|plumber near me|emergency plumbing near me|local plumber near me|plumbing services near me|gas plumber near me|boiler repair near me|drain unblocking near me|heating engineer near me|reliable plumber near me|same day plumber near me|plumbing company near me|burst pipe repair near me|central heating repair near me|toilet repair near me|affordable plumber near me|top rated plumber near me,"plumbing Crystal Palace, London|plumbing near Crystal Palace, London|plumbing Crystal Palace London|plumbing near Crystal Palace London|emergency plumbing Crystal Palace, London|emergency plumbing near Crystal Palace, London|best plumbing Crystal Palace, London|best plumbing near Crystal Palace, London|24 hour plumbing Crystal Palace, London|24 hour plumbing near Crystal Palace, London|cheap plumbing Crystal Palace, London|cheap plumbing near Crystal Palace, London|local plumbing Crystal Palace, London|local plumbing near Crystal Palace, London|gas plumbing Crystal Palace, London|gas plumbing near Crystal Palace, London|reliable plumbing Crystal Palace, London|reliable plumbing near Crystal Palace, London|same day plumbing Crystal Palace, London|same day plumbing near Crystal Palace, London",plumbing|plumbing near me|emergency plumbing|emergency plumbing near me|best plumbing|best plumbing near me|24 hour plumbing|24 hour plumbing near me|cheap plumbing|cheap plumbing near me|local plumbing|local plumbing near me|gas plumbing|gas plumbing near me|boiler repair|boiler repair near me|drain unblocking|drain unblocking near me|leak detection|leak detection near me,"51.427282,-0.098822|51.417021,-0.092209|51.414325,-0.083549|51.432751,-0.067182|51.423842,-0.06474|51.40594,-0.093883|51.421499,-0.10462|51.409528,-0.103267|51.415813,-0.111055|51.413649,-0.103727|51.424391,-0.083256|51.415797,-0.095018","51.420922,-0.085295|51.423794,-0.087635|51.420661,-0.085477|51.420993,-0.087032|51.420617,-0.077847|51.421448,-0.084356|51.418101,-0.08217|51.416923,-0.084171|51.419511,-0.084066|51.419368,-0.088311|51.42095,-0.079268|51.419098,-0.080368","51.421171,-0.10579|51.418592,-0.08891|51.425049,-0.067517|51.427015,-0.098614|51.41296,-0.078382|51.407072,-0.07028|51.41406,-0.078771|51.428221,-0.082762|51.412171,-0.091848|51.408312,-0.067535|51.414171,-0.091811|51.428636,-0.107462"
acc_018,vincehawthorne92@gmail.com,614216806256607602,ed5de7a7-b83e-4541-93be-f18336d5ccca,biz_012,KO Edmonton Plumbing and Heating Ltd,"82 Galahad Rd, London N9 9WL","Edmonton, London",north_london,51.624182,-0.062116,review,https://maps.app.goo.gl/G94xtu5dGu4QQKHX6,51.633926,-0.072265,Residential address near north_london,51.618431,-0.056472,Work address near north_london,"51.61787,-0.054356|51.625274,-0.064715|51.633936,-0.069424|51.616043,-0.07068|51.626647,-0.053989|51.624715,-0.06171|51.630161,-0.063046|51.618055,-0.080045|51.613474,-0.050411|51.61803,-0.063384|51.630271,-0.055232|51.624379,-0.055647|51.623495,-0.064584|51.625251,-0.062387|51.621023,-0.06506|51.624472,-0.073751|51.624625,-0.061895|51.624392,-0.052746|51.630142,-0.050586|51.624539,-0.060825","51.624102,-0.06228|51.624069,-0.062086|51.624268,-0.062038|51.624148,-0.062115|51.624199,-0.062113|51.624209,-0.062154|51.623969,-0.061911|51.62415,-0.061692|51.624179,-0.062121|51.624019,-0.061826","KO Edmonton Plumbing and Heating Ltd|KO Edmonton Plumbing and Heating Ltd near me|KO Edmonton Plumbing and Heating Ltd reviews|KO Edmonton Plumbing and Heating Ltd phone number|KO Edmonton Plumbing and Heating Ltd contact|KO Edmonton Plumbing and Heating Ltd opening hours|KO Edmonton Plumbing and Heating Ltd emergency|KO Edmonton Plumbing and Heating Ltd 24 hour|KO Edmonton Plumbing and Heating Ltd services|KO Edmonton Plumbing and Heating Ltd 82 Galahad Rd|KO Edmonton Plumbing and Heating Ltd London N9 9WL|KO Edmonton Plumbing and Heating Ltd Edmonton, London|KO Edmonton Plumbing and Heating Ltd Google Maps|KO Edmonton Plumbing and Heating Ltd directions|KO Edmonton Plumbing and Heating Ltd website|KO Edmonton Plumbing and Heating Ltd call|KO Edmonton Plumbing and Heating Ltd cheap|KO Edmonton Plumbing and Heating Ltd best|KO Edmonton Plumbing and Heating Ltd local|KO Edmonton Plumbing and Heating Ltd address",emergency plumber near me|best plumber near me|24 hour plumber near me|cheap plumber near me|plumber near me|emergency plumbing near me|local plumber near me|plumbing services near me|gas plumber near me|boiler repair near me|drain unblocking near me|heating engineer near me|reliable plumber near me|same day plumber near me|plumbing company near me|burst pipe repair near me|central heating repair near me|toilet repair near me|affordable plumber near me|top rated plumber near me,"plumbing Edmonton, London|plumbing near Edmonton, London|plumbing Edmonton London|plumbing near Edmonton London|emergency plumbing Edmonton, London|emergency plumbing near Edmonton, London|best plumbing Edmonton, London|best plumbing near Edmonton, London|24 hour plumbing Edmonton, London|24 hour plumbing near Edmonton, London|cheap plumbing Edmonton, London|cheap plumbing near Edmonton, London|local plumbing Edmonton, London|local plumbing near Edmonton, London|gas plumbing Edmonton, London|gas plumbing near Edmonton, London|reliable plumbing Edmonton, London|reliable plumbing near Edmonton, London|same day plumbing Edmonton, London|same day plumbing near Edmonton, London",plumbing|plumbing near me|emergency plumbing|emergency plumbing near me|best plumbing|best plumbing near me|24 hour plumbing|24 hour plumbing near me|cheap plumbing|cheap plumbing near me|local plumbing|local plumbing near me|gas plumbing|gas plumbing near me|boiler repair|boiler repair near me|drain unblocking|drain unblocking near me|leak detection|leak detection near me,"51.631524,-0.038132|51.636723,-0.054164|51.62312,-0.07705|51.61793,-0.061535|51.640823,-0.073104|51.619483,-0.043699|51.63669,-0.079196|51.607627,-0.065269|51.615677,-0.040966|51.621119,-0.035283|51.609083,-0.070101|51.612158,-0.071527","51.626333,-0.059937|51.626503,-0.067336|51.623906,-0.064207|51.627247,-0.058433|51.625516,-0.063564|51.625522,-0.057512|51.623341,-0.062502|51.623635,-0.054978|51.624193,-0.063594|51.621336,-0.05782|51.62375,-0.062232|51.622316,-0.065744","51.615404,-0.074296|51.629584,-0.073203|51.620712,-0.065956|51.64198,-0.064006|51.627427,-0.043222|51.624206,-0.056481|51.627008,-0.045398|51.6227,-0.037618|51.612487,-0.061561|51.618256,-0.069168|51.633311,-0.058419|51.626533,-0.039324"
acc_020,bensonmacrite@gmail.com,614216810182475843,921f6668-c908-48be-acb2-958ed21275b1,biz_013,Rush Green Electrical And Heating Services,"176A Rush Green Rd, Romford RM7 0JU","Romford, London",east_london,51.565631,0.175422,review,https://maps.app.goo.gl/q2Kz75nQaeG4mYNX8,51.568372,0.150474,Residential address near east_london,51.554347,0.202254,Work address near east_london,"51.563404,0.173413|51.558511,0.176578|51.557962,0.166979|51.570808,0.185831|51.565546,0.178092|51.562496,0.17435|51.569904,0.191969|51.563835,0.177412|51.564063,0.17295|51.569072,0.180356|51.569947,0.170259|51.562298,0.180475|51.559074,0.165013|51.566023,0.17283|51.575372,0.166037|51.551709,0.17378|51.574843,0.187319|51.564629,0.181449|51.571844,0.178269|51.566283,0.176674","51.565594,0.175443|51.565414,0.175249|51.565439,0.175356|51.565689,0.175493|51.565561,0.175432|51.565635,0.17545|51.565728,0.175733|51.565403,0.175261|51.565448,0.175153|51.565632,0.175431","Rush Green Electrical And Heating Services|Rush Green Electrical And Heating Services near me|Rush Green Electrical And Heating Services reviews|Rush Green Electrical And Heating Services phone number|Rush Green Electrical And Heating Services contact|Rush Green Electrical And Heating Services opening hours|Rush Green Electrical And Heating Services emergency|Rush Green Electrical And Heating Services 24 hour|Rush Green Electrical And Heating Services services|Rush Green Electrical And Heating Services 176A Rush Green Rd|Rush Green Electrical And Heating Services Romford RM7 0JU|Rush Green Electrical And Heating Services Romford, London|Rush Green Electrical And Heating Services Google Maps|Rush Green Electrical And Heating Services directions|Rush Green Electrical And Heating Services website|Rush Green Electrical And Heating Services call|Rush Green Electrical And Heating Services cheap|Rush Green Electrical And Heating Services best|Rush Green Electrical And Heating Services local|Rush Green Electrical And Heating Services address",emergency plumber near me|best plumber near me|24 hour plumber near me|cheap plumber near me|plumber near me|emergency plumbing near me|local plumber near me|plumbing services near me|gas plumber near me|boiler repair near me|drain unblocking near me|heating engineer near me|reliable plumber near me|same day plumber near me|plumbing company near me|burst pipe repair near me|central heating repair near me|toilet repair near me|affordable plumber near me|top rated plumber near me,"heating Romford, London|heating near Romford, London|heating Romford London|heating near Romford London|emergency heating Romford, London|emergency heating near Romford, London|best heating Romford, London|best heating near Romford, London|24 hour heating Romford, London|24 hour heating near Romford, London|cheap heating Romford, London|cheap heating near Romford, London|local heating Romford, London|local heating near Romford, London|gas heating Romford, London|gas heating near Romford, London|reliable heating Romford, London|reliable heating near Romford, London|same day heating Romford, London|same day heating near Romford, London",heating|heating near me|emergency heating|emergency heating near me|best heating|best heating near me|24 hour heating|24 hour heating near me|cheap heating|cheap heating near me|local heating|local heating near me|gas heating|gas heating near me|boiler repair|boiler repair near me|drain unblocking|drain unblocking near me|leak detection|leak detection near me,"51.568767,0.167037|51.570338,0.1512|51.548339,0.173821|51.574676,0.171901|51.56549,0.194807|51.561171,0.159286|51.558884,0.177485|51.572038,0.175414|51.564687,0.176129|51.560543,0.20111|51.568406,0.161071|51.569984,0.175066","51.568904,0.174765|51.561918,0.173276|51.565801,0.182224|51.568597,0.173437|51.565801,0.174182|51.565918,0.181673|51.562247,0.179449|51.563116,0.172361|51.566381,0.171139|51.563603,0.180208|51.565731,0.179602|51.568423,0.173065","51.557775,0.184431|51.551549,0.192872|51.562837,0.181815|51.572257,0.162304|51.549877,0.17542|51.564472,0.19267|51.566088,0.201258|51.568137,0.155374|51.578849,0.160272|51.57065,0.16835|51.557923,0.172517|51.566025,0.196366"
acc_022,shilamagnus@gmail.com,614216814192230770,cb8406d1-6369-4612-b1fb-e5e0bae95ad1,biz_014,Express Plumbers,"Prince Georges Rd, London SW19 2FG","Wimbledon, London",south_west_london,51.413221,-0.178128,review,https://maps.app.goo.gl/rdG1iFRVNmRbG1cX7,51.424339,-0.140993,Residential address near south_west_london,51.403329,-0.204449,Work address near south_west_london,"51.426214,-0.184787|51.418868,-0.183748|51.407685,-0.188535|51.423377,-0.18327|51.416161,-0.176555|51.408059,-0.192793|51.403599,-0.161298|51.409582,-0.198137|51.412775,-0.170722|51.41212,-0.176893|51.411762,-0.169076|51.412843,-0.17888|51.413645,-0.188385|51.412304,-0.199768|51.417965,-0.168593|51.406531,-0.175338|51.420657,-0.183666|51.42092,-0.171229|51.401418,-0.179386|51.4062,-0.177538","51.413159,-0.178139|51.41321,-0.178149|51.413366,-0.178468|51.413257,-0.178187|51.413247,-0.178361|51.413283,-0.177813|51.413388,-0.178013|51.413308,-0.178344|51.413286,-0.178184|51.413286,-0.178535","Express Plumbers|Express Plumbers near me|Express Plumbers reviews|Express Plumbers phone number|Express Plumbers contact|Express Plumbers opening hours|Express Plumbers emergency|Express Plumbers 24 hour|Express Plumbers services|Express Plumbers Prince Georges Rd|Express Plumbers London SW19 2FG|Express Plumbers Wimbledon, London|Express Plumbers Google Maps|Express Plumbers directions|Express Plumbers website|Express Plumbers call|Express Plumbers cheap|Express Plumbers best|Express Plumbers local|Express Plumbers address",emergency plumber near me|best plumber near me|24 hour plumber near me|cheap plumber near me|plumber near me|emergency plumbing near me|local plumber near me|plumbing services near me|gas plumber near me|boiler repair near me|drain unblocking near me|heating engineer near me|reliable plumber near me|same day plumber near me|plumbing company near me|burst pipe repair near me|central heating repair near me|toilet repair near me|affordable plumber near me|top rated plumber near me,"plumber Wimbledon, London|plumber near Wimbledon, London|plumber Wimbledon London|plumber near Wimbledon London|emergency plumber Wimbledon, London|emergency plumber near Wimbledon, London|best plumber Wimbledon, London|best plumber near Wimbledon, London|24 hour plumber Wimbledon, London|24 hour plumber near Wimbledon, London|cheap plumber Wimbledon, London|cheap plumber near Wimbledon, London|local plumber Wimbledon, London|local plumber near Wimbledon, London|gas plumber Wimbledon, London|gas plumber near Wimbledon, London|reliable plumber Wimbledon, London|reliable plumber near Wimbledon, London|same day plumber Wimbledon, London|same day plumber near Wimbledon, London",plumber|plumber near me|emergency plumber|emergency plumber near me|best plumber|best plumber near me|24 hour plumber|24 hour plumber near me|cheap plumber|cheap plumber near me|local plumber|local plumber near me|gas plumber|gas plumber near me|boiler repair|boiler repair near me|drain unblocking|drain unblocking near me|leak detection|leak detection near me,"51.411768,-0.170114|51.409052,-0.179635|51.400465,-0.181367|51.403503,-0.192148|51.42236,-0.181948|51.396226,-0.183356|51.418454,-0.162338|51.401709,-0.19712|51.402209,-0.186888|51.413031,-0.196182|51.396563,-0.178751|51.420082,-0.183213","51.409665,-0.181327|51.413619,-0.174926|51.415791,-0.173572|51.41436,-0.182664|51.409876,-0.18242|51.41294,-0.171566|51.415562,-0.178168|51.415595,-0.172162|51.412746,-0.17427|51.415636,-0.178972|51.4112,-0.174063|51.409574,-0.179937","51.399961,-0.170316|51.417286,-0.186919|51.396357,-0.171917|51.40951,-0.200887|51.410533,-0.204728|51.417834,-0.188664|51.398306,-0.172819|51.421496,-0.153763|51.415065,-0.159377|51.426144,-0.18862|51.407402,-0.171927|51.418781,-0.169981"
acc_023,sweeneyjanus@gmail.com,614216818470420547,5d4f6113-3135-48f5-96ed-abfc665ad790,biz_015,Edmonton Plumbing And Heating Services,"1a Market Parade, London N9 9HF","Edmonton, London",north_london,51.626371,-0.064566,review,https://maps.app.goo.gl/TAEstGzc5t6icSxa9,51.62755,-0.019429,Residential address near north_london,51.624898,-0.090602,Work address near north_london,"51.615969,-0.078921|51.63416,-0.069533|51.629139,-0.064965|51.614501,-0.061267|51.631899,-0.085789|51.635198,-0.079336|51.6334,-0.073718|51.62825,-0.069902|51.632933,-0.07809|51.634918,-0.051462|51.625727,-0.063752|51.628701,-0.046828|51.625712,-0.065399|51.623215,-0.075275|51.627347,-0.047059|51.625276,-0.062921|51.632543,-0.045975|51.636145,-0.056511|51.627252,-0.065518|51.621294,-0.072153","51.626443,-0.064149|51.626514,-0.064709|51.626414,-0.064552|51.626227,-0.06492|51.626326,-0.064467|51.626386,-0.064581|51.626494,-0.064927|51.626369,-0.064832|51.62643,-0.064652|51.626498,-0.064215","Edmonton Plumbing And Heating Services|Edmonton Plumbing And Heating Services near me|Edmonton Plumbing And Heating Services reviews|Edmonton Plumbing And Heating Services phone number|Edmonton Plumbing And Heating Services contact|Edmonton Plumbing And Heating Services opening hours|Edmonton Plumbing And Heating Services emergency|Edmonton Plumbing And Heating Services 24 hour|Edmonton Plumbing And Heating Services services|Edmonton Plumbing And Heating Services 1a Market Parade|Edmonton Plumbing And Heating Services London N9 9HF|Edmonton Plumbing And Heating Services Edmonton, London|Edmonton Plumbing And Heating Services Google Maps|Edmonton Plumbing And Heating Services directions|Edmonton Plumbing And Heating Services website|Edmonton Plumbing And Heating Services call|Edmonton Plumbing And Heating Services cheap|Edmonton Plumbing And Heating Services best|Edmonton Plumbing And Heating Services local|Edmonton Plumbing And Heating Services address",emergency plumber near me|best plumber near me|24 hour plumber near me|cheap plumber near me|plumber near me|emergency plumbing near me|local plumber near me|plumbing services near me|gas plumber near me|boiler repair near me|drain unblocking near me|heating engineer near me|reliable plumber near me|same day plumber near me|plumbing company near me|burst pipe repair near me|central heating repair near me|toilet repair near me|affordable plumber near me|top rated plumber near me,"plumbing Edmonton, London|plumbing near Edmonton, London|plumbing Edmonton London|plumbing near Edmonton London|emergency plumbing Edmonton, London|emergency plumbing near Edmonton, London|best plumbing Edmonton, London|best plumbing near Edmonton, London|24 hour plumbing Edmonton, London|24 hour plumbing near Edmonton, London|cheap plumbing Edmonton, London|cheap plumbing near Edmonton, London|local plumbing Edmonton, London|local plumbing near Edmonton, London|gas plumbing Edmonton, London|gas plumbing near Edmonton, London|reliable plumbing Edmonton, London|reliable plumbing near Edmonton, London|same day plumbing Edmonton, London|same day plumbing near Edmonton, London",plumbing|plumbing near me|emergency plumbing|emergency plumbing near me|best plumbing|best plumbing near me|24 hour plumbing|24 hour plumbing near me|cheap plumbing|cheap plumbing near me|local plumbing|local plumbing near me|gas plumbing|gas plumbing near me|boiler repair|boiler repair near me|drain unblocking|drain unblocking near me|leak detection|leak detection near me,"51.611127,-0.062965|51.614818,-0.063234|51.627778,-0.041594|51.626028,-0.067663|51.614906,-0.063041|51.635458,-0.058138|51.632943,-0.087606|51.634878,-0.053141|51.638462,-0.06971|51.619805,-0.046292|51.621194,-0.037401|51.619377,-0.052591","51.627815,-0.064735|51.62474,-0.060283|51.626246,-0.066791|51.625903,-0.066062|51.627736,-0.058561|51.627673,-0.062076|51.62534,-0.067555|51.629387,-0.066573|51.62589,-0.060923|51.624086,-0.064439|51.626461,-0.063395|51.627149,-0.069371","51.635268,-0.058741|51.631598,-0.042209|51.618613,-0.054682|51.610199,-0.052404|51.640473,-0.058048|51.630996,-0.071752|51.614124,-0.082105|51.624404,-0.051072|51.638915,-0.076789|51.631437,-0.070507|51.641529,-0.07648|51.634256,-0.089859"
acc_024,hamptonmcfinn@gmail.com,614216822245294147,9aa5c3df-745e-420b-bee8-1a4b4e249da7,biz_002,Sidcup Plumbing & Heating,"4 Station Rd, Sidcup DA15 7JU","Sidcup, London",sidcup,51.427684,0.101638,review,https://maps.app.goo.gl/vi7hxBJoB27xNtQh7,51.421604,0.060148,Residential address near sidcup,51.423878,0.123791,Work address near sidcup,"51.43319,0.110021|51.437879,0.098076|51.424351,0.098199|51.425614,0.099178|51.421514,0.084727|51.432415,0.110846|51.42318,0.105974|51.431494,0.090837|51.437058,0.113667|51.420235,0.118127|51.417041,0.10589|51.424495,0.11948|51.422203,0.095347|51.430835,0.112523|51.42886,0.098787|51.423846,0.116955|51.438719,0.106771|51.421675,0.10199|51.423932,0.096693|51.427184,0.10307","51.427618,0.101708|51.427695,0.101605|51.427858,0.101449|51.427652,0.10172|51.427905,0.101622|51.427659,0.101768|51.427809,0.101554|51.427485,0.101348|51.427741,0.101831|51.427582,0.101257","Sidcup Plumbing & Heating|Sidcup Plumbing & Heating near me|Sidcup Plumbing & Heating reviews|Sidcup Plumbing & Heating phone number|Sidcup Plumbing & Heating contact|Sidcup Plumbing & Heating opening hours|Sidcup Plumbing & Heating emergency|Sidcup Plumbing & Heating 24 hour|Sidcup Plumbing & Heating services|Sidcup Plumbing & Heating 4 Station Rd|Sidcup Plumbing & Heating Sidcup DA15 7JU|Sidcup Plumbing & Heating Sidcup, London|Sidcup Plumbing & Heating Google Maps|Sidcup Plumbing & Heating directions|Sidcup Plumbing & Heating website|Sidcup Plumbing & Heating call|Sidcup Plumbing & Heating cheap|Sidcup Plumbing & Heating best|Sidcup Plumbing & Heating local|Sidcup Plumbing & Heating address",emergency plumber near me|best plumber near me|24 hour plumber near me|cheap plumber near me|plumber near me|emergency plumbing near me|local plumber near me|plumbing services near me|gas plumber near me|boiler repair near me|drain unblocking near me|heating engineer near me|reliable plumber near me|same day plumber near me|plumbing company near me|burst pipe repair near me|central heating repair near me|toilet repair near me|affordable plumber near me|top rated plumber near me,"plumbing Sidcup, London|plumbing near Sidcup, London|plumbing Sidcup London|plumbing near Sidcup London|emergency plumbing Sidcup, London|emergency plumbing near Sidcup, London|best plumbing Sidcup, London|best plumbing near Sidcup, London|24 hour plumbing Sidcup, London|24 hour plumbing near Sidcup, London|cheap plumbing Sidcup, London|cheap plumbing near Sidcup, London|local plumbing Sidcup, London|local plumbing near Sidcup, London|gas plumbing Sidcup, London|gas plumbing near Sidcup, London|reliable plumbing Sidcup, London|reliable plumbing near Sidcup, London|same day plumbing Sidcup, London|same day plumbing near Sidcup, London",plumbing|plumbing near me|emergency plumbing|emergency plumbing near me|best plumbing|best plumbing near me|24 hour plumbing|24 hour plumbing near me|cheap plumbing|cheap plumbing near me|local plumbing|local plumbing near me|gas plumbing|gas plumbing near me|boiler repair|boiler repair near me|drain unblocking|drain unblocking near me|leak detection|leak detection near me,"51.439465,0.084583|51.41788,0.124225|51.419636,0.078199|51.433968,0.088501|51.431644,0.114614|51.425403,0.107737|51.442327,0.101932|51.421955,0.090663|51.433927,0.109163|51.417562,0.104038|51.416317,0.084353|51.441815,0.113061","51.426767,0.107708|51.424006,0.099608|51.424647,0.103818|51.431425,0.105507|51.430159,0.105663|51.426271,0.09584|51.428214,0.108254|51.429065,0.098604|51.425981,0.100855|51.425425,0.106185|51.426024,0.100627|51.42645,0.104504","51.438449,0.106964|51.427722,0.125049|51.421244,0.123397|51.424933,0.108388|51.439523,0.085142|51.421941,0.076713|51.43712,0.088|51.420611,0.107923|51.422475,0.110056|51.435327,0.083903|51.444813,0.095175|51.418376,0.097135"
acc_026,jasonbabora@gmail.com,614216826674479171,cf23fc14-7497-4747-8e2a-ea0e909dd4df,biz_009,Epsom Plumbing & Heating,"55 Station Approach, Epsom KT19 8JS","Epsom, Surrey",surrey,51.33411,-0.269295,review,https://maps.app.goo.gl/EdpANMxWtpYy6cb17,51.318543,-0.27465,Residential address near surrey,51.336317,-0.278159,Work address near surrey,"51.333904,-0.268511|51.345414,-0.264718|51.335372,-0.253097|51.329609,-0.27407|51.33609,-0.266644|51.330974,-0.263599|51.334541,-0.271006|51.339069,-0.254307|51.343799,-0.268694|51.327844,-0.276445|51.330925,-0.278748|51.329625,-0.25493|51.325325,-0.257584|51.33352,-0.267558|51.346804,-0.260285|51.334975,-0.266234|51.338,-0.269552|51.326197,-0.255019|51.325954,-0.264382|51.331742,-0.272782","51.334,-0.269423|51.334153,-0.269447|51.334105,-0.269401|51.334132,-0.269042|51.334031,-0.269368|51.334175,-0.269318|51.33408,-0.269084|51.334182,-0.269367|51.334245,-0.268951|51.334008,-0.269303","Epsom Plumbing & Heating|Epsom Plumbing & Heating near me|Epsom Plumbing & Heating reviews|Epsom Plumbing & Heating phone number|Epsom Plumbing & Heating contact|Epsom Plumbing & Heating opening hours|Epsom Plumbing & Heating emergency|Epsom Plumbing & Heating 24 hour|Epsom Plumbing & Heating services|Epsom Plumbing & Heating 55 Station Approach|Epsom Plumbing & Heating Epsom KT19 8JS|Epsom Plumbing & Heating Epsom, Surrey|Epsom Plumbing & Heating Google Maps|Epsom Plumbing & Heating directions|Epsom Plumbing & Heating website|Epsom Plumbing & Heating call|Epsom Plumbing & Heating cheap|Epsom Plumbing & Heating best|Epsom Plumbing & Heating local|Epsom Plumbing & Heating address",emergency plumber near me|best plumber near me|24 hour plumber near me|cheap plumber near me|plumber near me|emergency plumbing near me|local plumber near me|plumbing services near me|gas plumber near me|boiler repair near me|drain unblocking near me|heating engineer near me|reliable plumber near me|same day plumber near me|plumbing company near me|burst pipe repair near me|central heating repair near me|toilet repair near me|affordable plumber near me|top rated plumber near me,"plumbing Epsom, Surrey|plumbing near Epsom, Surrey|plumbing Epsom Surrey|plumbing near Epsom Surrey|emergency plumbing Epsom, Surrey|emergency plumbing near Epsom, Surrey|best plumbing Epsom, Surrey|best plumbing near Epsom, Surrey|24 hour plumbing Epsom, Surrey|24 hour plumbing near Epsom, Surrey|cheap plumbing Epsom, Surrey|cheap plumbing near Epsom, Surrey|local plumbing Epsom, Surrey|local plumbing near Epsom, Surrey|gas plumbing Epsom, Surrey|gas plumbing near Epsom, Surrey|reliable plumbing Epsom, Surrey|reliable plumbing near Epsom, Surrey|same day plumbing Epsom, Surrey|same day plumbing near Epsom, Surrey",plumbing|plumbing near me|emergency plumbing|emergency plumbing near me|best plumbing|best plumbing near me|24 hour plumbing|24 hour plumbing near me|cheap plumbing|cheap plumbing near me|local plumbing|local plumbing near me|gas plumbing|gas plumbing near me|boiler repair|boiler repair near me|drain unblocking|drain unblocking near me|leak detection|leak detection near me,"51.3412,-0.255382|51.348019,-0.252673|51.323084,-0.247496|51.320122,-0.261504|51.329747,-0.25942|51.329444,-0.268709|51.324359,-0.26314|51.337792,-0.253832|51.337886,-0.29425|51.341063,-0.281958|51.324645,-0.252085|51.334502,-0.242758","51.337118,-0.264985|51.330354,-0.271882|51.331157,-0.267376|51.334945,-0.266752|51.333128,-0.271788|51.332756,-0.269525|51.335785,-0.271395|51.334163,-0.274117|51.33443,-0.265792|51.334636,-0.275942|51.337988,-0.267107|51.336191,-0.265676","51.325698,-0.289307|51.346976,-0.265019|51.335982,-0.261496|51.336673,-0.289867|51.318082,-0.279722|51.345865,-0.272464|51.343505,-0.284267|51.336999,-0.285752|51.334263,-0.282936|51.328443,-0.249812|51.319076,-0.25751|51.32463,-0.273522"
acc_028,jacobbareethe@gmail.com,614216831053332547,f63943c6-b716-4192-b08c-e48ee67102ac,biz_016,Emergency Plumbers Edgware,"193 Station Rd, Edgware HA8 7JX","Edgware, London",north_london,51.615297,-0.275969,review,https://maps.app.goo.gl/XWhtNpSyPTTpxJv47,51.59876,-0.276738,Residential address near north_london,51.624062,-0.268007,Work address near north_london,"51.604501,-0.274291|51.619316,-0.287542|51.613795,-0.264252|51.615395,-0.266235|51.62169,-0.284811|51.611187,-0.292563|51.615488,-0.2744|51.618148,-0.264522|51.618242,-0.285679|51.62394,-0.266211|51.621031,-0.290266|51.606257,-0.262226|51.603485,-0.27531|51.616783,-0.284505|51.611588,-0.285136|51.605933,-0.270756|51.619035,-0.261071|51.601839,-0.282014|51.608868,-0.291156|51.609452,-0.264077","51.615145,-0.275884|51.61517,-0.275729|51.615311,-0.27599|51.615288,-0.275747|51.615284,-0.275961|51.615397,-0.27599|51.615361,-0.275759|51.615263,-0.275916|51.615164,-0.275602|51.61519,-0.275594","Emergency Plumbers Edgware|Emergency Plumbers Edgware near me|Emergency Plumbers Edgware reviews|Emergency Plumbers Edgware phone number|Emergency Plumbers Edgware contact|Emergency Plumbers Edgware opening hours|Emergency Plumbers Edgware emergency|Emergency Plumbers Edgware 24 hour|Emergency Plumbers Edgware services|Emergency Plumbers Edgware 193 Station Rd|Emergency Plumbers Edgware Edgware HA8 7JX|Emergency Plumbers Edgware Edgware, London|Emergency Plumbers Edgware Google Maps|Emergency Plumbers Edgware directions|Emergency Plumbers Edgware website|Emergency Plumbers Edgware call|Emergency Plumbers Edgware cheap|Emergency Plumbers Edgware best|Emergency Plumbers Edgware local|Emergency Plumbers Edgware address",emergency plumber near me|best plumber near me|24 hour plumber near me|cheap plumber near me|plumber near me|emergency plumbing near me|local plumber near me|plumbing services near me|gas plumber near me|boiler repair near me|drain unblocking near me|heating engineer near me|reliable plumber near me|same day plumber near me|plumbing company near me|burst pipe repair near me|central heating repair near me|toilet repair near me|affordable plumber near me|top rated plumber near me,"plumber Edgware, London|plumber near Edgware, London|plumber Edgware London|plumber near Edgware London|emergency plumber Edgware, London|emergency plumber near Edgware, London|best plumber Edgware, London|best plumber near Edgware, London|24 hour plumber Edgware, London|24 hour plumber near Edgware, London|cheap plumber Edgware, London|cheap plumber near Edgware, London|local plumber Edgware, London|local plumber near Edgware, London|gas plumber Edgware, London|gas plumber near Edgware, London|reliable plumber Edgware, London|reliable plumber near Edgware, London|same day plumber Edgware, London|same day plumber near Edgware, London",plumber|plumber near me|emergency plumber|emergency plumber near me|best plumber|best plumber near me|24 hour plumber|24 hour plumber near me|cheap plumber|cheap plumber near me|local plumber|local plumber near me|gas plumber|gas plumber near me|boiler repair|boiler repair near me|drain unblocking|drain unblocking near me|leak detection|leak detection near me,"51.608711,-0.263584|51.614444,-0.284214|51.628654,-0.275582|51.618781,-0.284618|51.61071,-0.303321|51.629864,-0.282107|51.598793,-0.283794|51.614111,-0.267241|51.617802,-0.292009|51.60113,-0.281217|51.621524,-0.25131|51.603213,-0.29735","51.611153,-0.278047|51.613091,-0.277684|51.618998,-0.27275|51.614335,-0.280672|51.614609,-0.276735|51.61625,-0.268976|51.617732,-0.27264|51.614359,-0.277283|51.61666,-0.273619|51.615361,-0.271285|51.617848,-0.272836|51.615356,-0.27308","51.627369,-0.258197|51.613016,-0.279495|51.603254,-0.279473|51.611067,-0.279215|51.605994,-0.261632|51.6136,-0.282615|51.59858,-0.28484|51.608579,-0.27419|51.612294,-0.269744|51.630373,-0.287521|51.630022,-0.276251|51.628949,-0.276652"
acc_029,sandeephassamatta@gmail.com,614216835079864690,04157d91-ef75-4a30-aac2-e6608fbdcdfe,biz_017,Blackfen Plumbing And Heating Services,"256 Blackfen Rd, Sidcup DA15 9PS","Blackfen, Sidcup",sidcup,51.450941,0.103599,review,https://maps.app.goo.gl/CEX8TQuMfqQRF9mS8,51.47659,0.110036,Residential address near sidcup,51.448634,0.115752,Work address near sidcup,"51.441415,0.095493|51.458081,0.099726|51.44418,0.117006|51.451428,0.100525|51.449323,0.101424|51.44876,0.102552|51.437962,0.102026|51.44505,0.101304|51.439507,0.094609|51.458635,0.113828|51.454952,0.103167|51.458476,0.097247|51.447609,0.100829|51.449489,0.124135|51.453113,0.095717|51.450498,0.082737|51.447609,0.112951|51.44556,0.08799|51.451019,0.108891|51.45057,0.105261","51.450934,0.103602|51.45117,0.103743|51.450875,0.103488|51.450932,0.103744|51.450867,0.103416|51.450898,0.103422|51.450917,0.103579|51.451117,0.103724|51.450879,0.103445|51.451033,0.103676","Blackfen Plumbing And Heating Services|Blackfen Plumbing And Heating Services near me|Blackfen Plumbing And Heating Services reviews|Blackfen Plumbing And Heating Services phone number|Blackfen Plumbing And Heating Services contact|Blackfen Plumbing And Heating Services opening hours|Blackfen Plumbing And Heating Services emergency|Blackfen Plumbing And Heating Services 24 hour|Blackfen Plumbing And Heating Services services|Blackfen Plumbing And Heating Services 256 Blackfen Rd|Blackfen Plumbing And Heating Services Sidcup DA15 9PS|Blackfen Plumbing And Heating Services Blackfen, Sidcup|Blackfen Plumbing And Heating Services Google Maps|Blackfen Plumbing And Heating Services directions|Blackfen Plumbing And Heating Services website|Blackfen Plumbing And Heating Services call|Blackfen Plumbing And Heating Services cheap|Blackfen Plumbing And Heating Services best|Blackfen Plumbing And Heating Services local|Blackfen Plumbing And Heating Services address",emergency plumber near me|best plumber near me|24 hour plumber near me|cheap plumber near me|plumber near me|emergency plumbing near me|local plumber near me|plumbing services near me|gas plumber near me|boiler repair near me|drain unblocking near me|heating engineer near me|reliable plumber near me|same day plumber near me|plumbing company near me|burst pipe repair near me|central heating repair near me|toilet repair near me|affordable plumber near me|top rated plumber near me,"plumbing Blackfen, Sidcup|plumbing near Blackfen, Sidcup|plumbing Blackfen Sidcup|plumbing near Blackfen Sidcup|emergency plumbing Blackfen, Sidcup|emergency plumbing near Blackfen, Sidcup|best plumbing Blackfen, Sidcup|best plumbing near Blackfen, Sidcup|24 hour plumbing Blackfen, Sidcup|24 hour plumbing near Blackfen, Sidcup|cheap plumbing Blackfen, Sidcup|cheap plumbing near Blackfen, Sidcup|local plumbing Blackfen, Sidcup|local plumbing near Blackfen, Sidcup|gas plumbing Blackfen, Sidcup|gas plumbing near Blackfen, Sidcup|reliable plumbing Blackfen, Sidcup|reliable plumbing near Blackfen, Sidcup|same day plumbing Blackfen, Sidcup|same day plumbing near Blackfen, Sidcup",plumbing|plumbing near me|emergency plumbing|emergency plumbing near me|best plumbing|best plumbing near me|24 hour plumbing|24 hour plumbing near me|cheap plumbing|cheap plumbing near me|local plumbing|local plumbing near me|gas plumbing|gas plumbing near me|boiler repair|boiler repair near me|drain unblocking|drain unblocking near me|leak detection|leak detection near me,"51.443605,0.111448|51.445998,0.117304|51.449981,0.08911|51.444022,0.101905|51.447631,0.115377|51.439319,0.086113|51.445748,0.128177|51.442205,0.109813|51.444958,0.105645|51.439132,0.118693|51.443147,0.098068|51.456822,0.090371","51.450932,0.107104|51.449574,0.105305|51.449692,0.108621|51.44876,0.104742|51.452109,0.107083|51.4512,0.109022|51.450973,0.10334|51.453591,0.105159|51.448801,0.108641|51.450027,0.097117|51.452942,0.109025|51.454658,0.105361","51.435873,0.119125|51.449187,0.119029|51.451556,0.119282|51.449778,0.130668|51.442326,0.079144|51.457691,0.077317|51.445207,0.121576|51.450994,0.09817|51.436444,0.089645|51.449504,0.095534|51.446503,0.107857|51.440966,0.084352"
acc_030,bramblejustice@gmail.com,614216838938624067,8cc53d6b-873b-44d4-8417-516ac96bf04f,biz_018,Southwark Plumbers,"12 Crosby Row, London SE1 3PT","Southwark, London",south_east_london,51.501364,-0.088611,review,https://maps.app.goo.gl/GZXa2QmwNhm7hNQW9,51.489223,0.017706,Residential address near south_east_london,51.486584,-0.038671,Work address near south_east_london,"51.500742,-0.088169|51.501804,-0.088349|51.498965,-0.09572|51.504204,-0.091848|51.503845,-0.098245|51.501176,-0.090773|51.499753,-0.074775|51.498889,-0.108602|51.511256,-0.085978|51.500158,-0.091726|51.499842,-0.093435|51.512271,-0.085934|51.492028,-0.101694|51.500717,-0.098173|51.501216,-0.08664|51.505084,-0.087036|51.492155,-0.093851|51.501086,-0.085245|51.490677,-0.075188|51.500848,-0.089611","51.501449,-0.088256|51.501307,-0.088712|51.50146,-0.088696|51.501492,-0.088879|51.501266,-0.088852|51.501222,-0.088613|51.501535,-0.088323|51.501433,-0.088909|51.501491,-0.088685|51.501218,-0.088806","Southwark Plumbers|Southwark Plumbers near me|Southwark Plumbers reviews|Southwark Plumbers phone number|Southwark Plumbers contact|Southwark Plumbers opening hours|Southwark Plumbers emergency|Southwark Plumbers 24 hour|Southwark Plumbers services|Southwark Plumbers 12 Crosby Row|Southwark Plumbers London SE1 3PT|Southwark Plumbers Southwark, London|Southwark Plumbers Google Maps|Southwark Plumbers directions|Southwark Plumbers website|Southwark Plumbers call|Southwark Plumbers cheap|Southwark Plumbers best|Southwark Plumbers local|Southwark Plumbers address",emergency plumber near me|best plumber near me|24 hour plumber near me|cheap plumber near me|plumber near me|emergency plumbing near me|local plumber near me|plumbing services near me|gas plumber near me|boiler repair near me|drain unblocking near me|heating engineer near me|reliable plumber near me|same day plumber near me|plumbing company near me|burst pipe repair near me|central heating repair near me|toilet repair near me|affordable plumber near me|top rated plumber near me,"plumber Southwark, London|plumber near Southwark, London|plumber Southwark London|plumber near Southwark London|emergency plumber Southwark, London|emergency plumber near Southwark, London|best plumber Southwark, London|best plumber near Southwark, London|24 hour plumber Southwark, London|24 hour plumber near Southwark, London|cheap plumber Southwark, London|cheap plumber near Southwark, London|local plumber Southwark, London|local plumber near Southwark, London|gas plumber Southwark, London|gas plumber near Southwark, London|reliable plumber Southwark, London|reliable plumber near Southwark, London|same day plumber Southwark, London|same day plumber near Southwark, London",plumber|plumber near me|emergency plumber|emergency plumber near me|best plumber|best plumber near me|24 hour plumber|24 hour plumber near me|cheap plumber|cheap plumber near me|local plumber|local plumber near me|gas plumber|gas plumber near me|boiler repair|boiler repair near me|drain unblocking|drain unblocking near me|leak detection|leak detection near me,"51.503185,-0.111866|51.491276,-0.102429|51.500876,-0.068821|51.49623,-0.105031|51.49176,-0.092759|51.490701,-0.084075|51.502786,-0.072655|51.514122,-0.102215|51.497302,-0.075392|51.496245,-0.066407|51.494751,-0.077291|51.486362,-0.076426","51.501076,-0.08156|51.500309,-0.087563|51.500504,-0.090236|51.50059,-0.083735|51.502873,-0.081848|51.503392,-0.087996|51.500347,-0.095387|51.502949,-0.088993|51.500546,-0.081975|51.49849,-0.088019|51.503441,-0.085276|51.498142,-0.08512","51.499862,-0.114563|51.500034,-0.081182|51.50064,-0.087259|51.509641,-0.080841|51.50551,-0.102678|51.508244,-0.067495|51.518218,-0.091097|51.506941,-0.082539|51.484066,-0.089245|51.486731,-0.102208|51.513237,-0.084953|51.514477,-0.080538"
acc_031,marcinbagerman@gmail.com,614216843351031875,83f0303b-35b4-4e0b-aa31-9da6cc1ff4ae,biz_019,Ruby Plumbers Rainham,"9 Ferro Rd, Rainham RM13 9TP","Rainham, London",east_london,51.517356,0.195738,review,https://maps.app.goo.gl/5XnChhimgSc2Sm3y8,53.871949,-6.70702,Residential address near south_west_london,53.887599,-6.731613,Work address near south_west_london,"51.515855,0.182574|51.513881,0.210675|51.509607,0.215301|51.507309,0.196582|51.51537,0.202726|51.5262,0.193022|51.520708,0.19769|51.516807,0.174315|51.513626,0.200064|51.521204,0.191879|51.512225,0.204018|51.51391,0.203769|51.51062,0.205644|51.509398,0.208376|51.521566,0.211257|51.513458,0.191717|51.523509,0.2024|51.516392,0.191282|51.519824,0.218188|51.514533,0.198033","51.517371,0.196027|51.517555,0.195672|51.517433,0.195439|51.517432,0.195793|51.517384,0.195825|51.517433,0.195812|51.517345,0.19613|51.517284,0.196043|51.517208,0.195942|51.517283,0.195598","Ruby Plumbers Rainham|Ruby Plumbers Rainham near me|Ruby Plumbers Rainham reviews|Ruby Plumbers Rainham phone number|Ruby Plumbers Rainham contact|Ruby Plumbers Rainham opening hours|Ruby Plumbers Rainham emergency|Ruby Plumbers Rainham 24 hour|Ruby Plumbers Rainham services|Ruby Plumbers Rainham 9 Ferro Rd|Ruby Plumbers Rainham Rainham RM13 9TP|Ruby Plumbers Rainham Rainham, London|Ruby Plumbers Rainham Google Maps|Ruby Plumbers Rainham directions|Ruby Plumbers Rainham website|Ruby Plumbers Rainham call|Ruby Plumbers Rainham cheap|Ruby Plumbers Rainham best|Ruby Plumbers Rainham local|Ruby Plumbers Rainham address",emergency plumber near me|best plumber near me|24 hour plumber near me|cheap plumber near me|plumber near me|emergency plumbing near me|local plumber near me|plumbing services near me|gas plumber near me|boiler repair near me|drain unblocking near me|heating engineer near me|reliable plumber near me|same day plumber near me|plumbing company near me|burst pipe repair near me|central heating repair near me|toilet repair near me|affordable plumber near me|top rated plumber near me,"plumber Rainham, London|plumber near Rainham, London|plumber Rainham London|plumber near Rainham London|emergency plumber Rainham, London|emergency plumber near Rainham, London|best plumber Rainham, London|best plumber near Rainham, London|24 hour plumber Rainham, London|24 hour plumber near Rainham, London|cheap plumber Rainham, London|cheap plumber near Rainham, London|local plumber Rainham, London|local plumber near Rainham, London|gas plumber Rainham, London|gas plumber near Rainham, London|reliable plumber Rainham, London|reliable plumber near Rainham, London|same day plumber Rainham, London|same day plumber near Rainham, London",plumber|plumber near me|emergency plumber|emergency plumber near me|best plumber|best plumber near me|24 hour plumber|24 hour plumber near me|cheap plumber|cheap plumber near me|local plumber|local plumber near me|gas plumber|gas plumber near me|boiler repair|boiler repair near me|drain unblocking|drain unblocking near me|leak detection|leak detection near me,"51.528387,0.189783|51.515712,0.211314|51.514706,0.193335|51.502027,0.200927|51.512069,0.211817|51.504008,0.184932|51.510672,0.195141|51.518204,0.181488|51.519176,0.177706|51.531873,0.191433|51.52701,0.17179|51.519863,0.218669","51.513715,0.199678|51.516717,0.190297|51.518649,0.191603|51.519206,0.194133|51.517972,0.192502|51.514223,0.195804|51.517925,0.197051|51.514226,0.197247|51.517114,0.202918|51.518224,0.190304|51.516916,0.198469|51.519323,0.194821","51.520272,0.170753|51.504057,0.180574|51.509739,0.190775|51.507374,0.197367|51.522112,0.202245|51.515783,0.182612|51.516928,0.169954|51.509813,0.18127|51.520737,0.182633|51.511583,0.168398|51.509688,0.178047|51.521797,0.215858"
acc_032,cleoperry9987@gmail.com,614216847293677635,31ce9f18-7218-4bd5-93c9-6b06dc5a2299,biz_020,Prema Plumbing Putney,"115 Upper Richmond Rd, London SW15 2AD","Putney, London",south_west_london,51.459409,-0.214409,review,https://maps.app.goo.gl/rokJx2UXNm1MLo5J7,47.727471,12.486814,Residential address near north_london,47.73606,12.522368,Work address near north_london,"51.451753,-0.220253|51.459312,-0.204275|51.456414,-0.227134|51.463694,-0.222176|51.467436,-0.207091|51.456463,-0.215663|51.458471,-0.221922|51.458465,-0.213745|51.466142,-0.228535|51.462799,-0.215533|51.461206,-0.209874|51.453092,-0.224221|51.459293,-0.213026|51.460481,-0.236525|51.470249,-0.21348|51.457956,-0.208775|51.45828,-0.210592|51.454336,-0.235012|51.456681,-0.211269|51.448269,-0.22602","51.459497,-0.214504|51.459419,-0.214132|51.459453,-0.214316|51.459219,-0.214416|51.459397,-0.214398|51.459421,-0.214287|51.459371,-0.214615|51.459568,-0.214458|51.459188,-0.214486|51.459361,-0.214358","Prema Plumbing Putney|Prema Plumbing Putney near me|Prema Plumbing Putney reviews|Prema Plumbing Putney phone number|Prema Plumbing Putney contact|Prema Plumbing Putney opening hours|Prema Plumbing Putney emergency|Prema Plumbing Putney 24 hour|Prema Plumbing Putney services|Prema Plumbing Putney 115 Upper Richmond Rd|Prema Plumbing Putney London SW15 2AD|Prema Plumbing Putney Putney, London|Prema Plumbing Putney Google Maps|Prema Plumbing Putney directions|Prema Plumbing Putney website|Prema Plumbing Putney call|Prema Plumbing Putney cheap|Prema Plumbing Putney best|Prema Plumbing Putney local|Prema Plumbing Putney address",emergency plumber near me|best plumber near me|24 hour plumber near me|cheap plumber near me|plumber near me|emergency plumbing near me|local plumber near me|plumbing services near me|gas plumber near me|boiler repair near me|drain unblocking near me|heating engineer near me|reliable plumber near me|same day plumber near me|plumbing company near me|burst pipe repair near me|central heating repair near me|toilet repair near me|affordable plumber near me|top rated plumber near me,"plumbing Putney, London|plumbing near Putney, London|plumbing Putney London|plumbing near Putney London|emergency plumbing Putney, London|emergency plumbing near Putney, London|best plumbing Putney, London|best plumbing near Putney, London|24 hour plumbing Putney, London|24 hour plumbing near Putney, London|cheap plumbing Putney, London|cheap plumbing near Putney, London|local plumbing Putney, London|local plumbing near Putney, London|gas plumbing Putney, London|gas plumbing near Putney, London|reliable plumbing Putney, London|reliable plumbing near Putney, London|same day plumbing Putney, London|same day plumbing near Putney, London",plumbing|plumbing near me|emergency plumbing|emergency plumbing near me|best plumbing|best plumbing near me|24 hour plumbing|24 hour plumbing near me|cheap plumbing|cheap plumbing near me|local plumbing|local plumbing near me|gas plumbing|gas plumbing near me|boiler repair|boiler repair near me|drain unblocking|drain unblocking near me|leak detection|leak detection near me,"51.448209,-0.234908|51.452462,-0.224327|51.473608,-0.197934|51.470767,-0.193584|51.468798,-0.224593|51.457193,-0.21634|51.446814,-0.206993|51.451087,-0.238513|51.46551,-0.206272|51.457997,-0.193284|51.464419,-0.199796|51.470014,-0.198817","51.461834,-0.218263|51.463458,-0.214653|51.461077,-0.216036|51.459665,-0.213731|51.456385,-0.214282|51.462659,-0.211596|51.460171,-0.215439|51.462846,-0.210867|51.457636,-0.208705|51.46061,-0.210958|51.457393,-0.211419|51.46088,-0.212224","51.457351,-0.209474|51.476413,-0.216287|51.451341,-0.220799|51.456994,-0.215634|51.474466,-0.224953|51.459147,-0.189061|51.453225,-0.203788|51.476915,-0.21197|51.455927,-0.221531|51.4661,-0.237377|51.45541,-0.191475|51.472021,-0.218187"
acc_033,waylonswanson92387@gmail.com,614216851202768963,7f2a80c6-9cd9-4094-b1eb-64ad15b7c0a1,biz_021,Streatham Plumbing & Heating Ltd,"13B Shrubbery Rd, London SW16 2AS","Streatham, London",south_west_london,51.430107,-0.128285,edit,https://maps.app.goo.gl/jFnJ1jdFAnEYFxny8,47.727435,12.511535,Residential address near north_london,47.745915,12.524284,Work address near north_london,"51.435042,-0.110429|51.430398,-0.126566|51.429023,-0.126098|51.427776,-0.121215|51.42652,-0.131698|51.441136,-0.128567|51.426065,-0.146592|51.421555,-0.123482|51.436156,-0.137277|51.427871,-0.134662|51.42559,-0.125277|51.437024,-0.127863|51.430529,-0.143826|51.427217,-0.138943|51.419011,-0.141758|51.43026,-0.12616|51.436885,-0.143587|51.434467,-0.130944|51.42649,-0.108019|51.429993,-0.131066","51.43006,-0.128378|51.430176,-0.127903|51.429902,-0.128109|51.430259,-0.128307|51.43009,-0.128108|51.430028,-0.128231|51.430091,-0.128215|51.43011,-0.128193|51.430358,-0.128171|51.430143,-0.128709","Streatham Plumbing & Heating Ltd|Streatham Plumbing & Heating Ltd near me|Streatham Plumbing & Heating Ltd reviews|Streatham Plumbing & Heating Ltd phone number|Streatham Plumbing & Heating Ltd contact|Streatham Plumbing & Heating Ltd opening hours|Streatham Plumbing & Heating Ltd emergency|Streatham Plumbing & Heating Ltd 24 hour|Streatham Plumbing & Heating Ltd services|Streatham Plumbing & Heating Ltd 13B Shrubbery Rd|Streatham Plumbing & Heating Ltd London SW16 2AS|Streatham Plumbing & Heating Ltd Streatham, London|Streatham Plumbing & Heating Ltd Google Maps|Streatham Plumbing & Heating Ltd directions|Streatham Plumbing & Heating Ltd website|Streatham Plumbing & Heating Ltd call|Streatham Plumbing & Heating Ltd cheap|Streatham Plumbing & Heating Ltd best|Streatham Plumbing & Heating Ltd local|Streatham Plumbing & Heating Ltd address",emergency plumber near me|best plumber near me|24 hour plumber near me|cheap plumber near me|plumber near me|emergency plumbing near me|local plumber near me|plumbing services near me|gas plumber near me|boiler repair near me|drain unblocking near me|heating engineer near me|reliable plumber near me|same day plumber near me|plumbing company near me|burst pipe repair near me|central heating repair near me|toilet repair near me|affordable plumber near me|top rated plumber near me,"plumbing Streatham, London|plumbing near Streatham, London|plumbing Streatham London|plumbing near Streatham London|emergency plumbing Streatham, London|emergency plumbing near Streatham, London|best plumbing Streatham, London|best plumbing near Streatham, London|24 hour plumbing Streatham, London|24 hour plumbing near Streatham, London|cheap plumbing Streatham, London|cheap plumbing near Streatham, London|local plumbing Streatham, London|local plumbing near Streatham, London|gas plumbing Streatham, London|gas plumbing near Streatham, London|reliable plumbing Streatham, London|reliable plumbing near Streatham, London|same day plumbing Streatham, London|same day plumbing near Streatham, London",plumbing|plumbing near me|emergency plumbing|emergency plumbing near me|best plumbing|best plumbing near me|24 hour plumbing|24 hour plumbing near me|cheap plumbing|cheap plumbing near me|local plumbing|local plumbing near me|gas plumbing|gas plumbing near me|boiler repair|boiler repair near me|drain unblocking|drain unblocking near me|leak detection|leak detection near me,"51.420037,-0.142531|51.417908,-0.145004|51.422321,-0.10248|51.425929,-0.146329|51.42906,-0.12538|51.422176,-0.153985|51.431976,-0.123931|51.433155,-0.148818|51.420734,-0.128543|51.439953,-0.117532|51.418272,-0.109954|51.439477,-0.142612","51.428665,-0.131844|51.430597,-0.128794|51.433188,-0.131246|51.425971,-0.1261|51.42773,-0.124182|51.427424,-0.123312|51.430972,-0.129976|51.429851,-0.128205|51.430876,-0.121474|51.431518,-0.12876|51.431952,-0.131818|51.432439,-0.123471","51.430007,-0.108374|51.439036,-0.124696|51.444541,-0.129264|51.419953,-0.121623|51.438529,-0.121171|51.440893,-0.123778|51.418395,-0.117349|51.423989,-0.113154|51.437412,-0.122185|51.43859,-0.117203|51.428472,-0.104813|51.426311,-0.127445"
acc_034,helenscott9987@gmail.com,614216854994420082,0f110c6e-26b6-4f94-972a-803a9a7706eb,biz_022,Camberwell Plumbing & Heating Ltd,"14 Tillings Cl, London SE5 0BX","Camberwell, London",south_east_london,51.474058,-0.0939,edit,https://maps.app.goo.gl/JjSW28UXGUEkHXh8A,51.420967,-0.014893,Residential address near south_east_london,51.392136,-0.039206,Work address near south_east_london,"51.481911,-0.111513|51.486553,-0.104004|51.481337,-0.103631|51.471059,-0.091211|51.480037,-0.084955|51.475168,-0.093843|51.486372,-0.085055|51.480819,-0.101716|51.473179,-0.086891|51.476096,-0.091149|51.478057,-0.096935|51.475432,-0.093356|51.470013,-0.103197|51.4843,-0.081565|51.476961,-0.083189|51.469294,-0.099104|51.476954,-0.083818|51.481187,-0.081008|51.462138,-0.083116|51.477053,-0.107513","51.474314,-0.093766|51.474211,-0.094095|51.474005,-0.093523|51.47407,-0.093623|51.473961,-0.094116|51.474055,-0.093736|51.474101,-0.094013|51.474095,-0.094213|51.474026,-0.093579|51.474046,-0.093888","Camberwell Plumbing & Heating Ltd|Camberwell Plumbing & Heating Ltd near me|Camberwell Plumbing & Heating Ltd reviews|Camberwell Plumbing & Heating Ltd phone number|Camberwell Plumbing & Heating Ltd contact|Camberwell Plumbing & Heating Ltd opening hours|Camberwell Plumbing & Heating Ltd emergency|Camberwell Plumbing & Heating Ltd 24 hour|Camberwell Plumbing & Heating Ltd services|Camberwell Plumbing & Heating Ltd 14 Tillings Cl|Camberwell Plumbing & Heating Ltd London SE5 0BX|Camberwell Plumbing & Heating Ltd Camberwell, London|Camberwell Plumbing & Heating Ltd Google Maps|Camberwell Plumbing & Heating Ltd directions|Camberwell Plumbing & Heating Ltd website|Camberwell Plumbing & Heating Ltd call|Camberwell Plumbing & Heating Ltd cheap|Camberwell Plumbing & Heating Ltd best|Camberwell Plumbing & Heating Ltd local|Camberwell Plumbing & Heating Ltd address",emergency plumber near me|best plumber near me|24 hour plumber near me|cheap plumber near me|plumber near me|emergency plumbing near me|local plumber near me|plumbing services near me|gas plumber near me|boiler repair near me|drain unblocking near me|heating engineer near me|reliable plumber near me|same day plumber near me|plumbing company near me|burst pipe repair near me|central heating repair near me|toilet repair near me|affordable plumber near me|top rated plumber near me,"plumbing Camberwell, London|plumbing near Camberwell, London|plumbing Camberwell London|plumbing near Camberwell London|emergency plumbing Camberwell, London|emergency plumbing near Camberwell, London|best plumbing Camberwell, London|best plumbing near Camberwell, London|24 hour plumbing Camberwell, London|24 hour plumbing near Camberwell, London|cheap plumbing Camberwell, London|cheap plumbing near Camberwell, London|local plumbing Camberwell, London|local plumbing near Camberwell, London|gas plumbing Camberwell, London|gas plumbing near Camberwell, London|reliable plumbing Camberwell, London|reliable plumbing near Camberwell, London|same day plumbing Camberwell, London|same day plumbing near Camberwell, London",plumbing|plumbing near me|emergency plumbing|emergency plumbing near me|best plumbing|best plumbing near me|24 hour plumbing|24 hour plumbing near me|cheap plumbing|cheap plumbing near me|local plumbing|local plumbing near me|gas plumbing|gas plumbing near me|boiler repair|boiler repair near me|drain unblocking|drain unblocking near me|leak detection|leak detection near me,"51.466441,-0.081658|51.4816,-0.100542|51.482499,-0.095648|51.484017,-0.076657|51.479605,-0.070122|51.471739,-0.068414|51.473028,-0.105243|51.461165,-0.09197|51.467543,-0.10033|51.465893,-0.107647|51.481619,-0.08161|51.491087,-0.094871","51.472312,-0.097821|51.471796,-0.089097|51.477127,-0.093364|51.476746,-0.090077|51.471495,-0.099097|51.476162,-0.087591|51.475058,-0.089963|51.472614,-0.092593|51.475127,-0.095842|51.476276,-0.090251|51.475189,-0.093195|51.471639,-0.099024","51.466715,-0.104668|51.463004,-0.090202|51.469045,-0.105729|51.459767,-0.088749|51.481468,-0.111262|51.485628,-0.079628|51.483044,-0.118775|51.471768,-0.109566|51.465446,-0.086396|51.478713,-0.112356|51.477901,-0.097729|51.4843,-0.106789"
acc_035,leopeck9987@gmail.com,614216858970620274,d71137ec-3f1f-40ff-95f8-f41d36a0e3c8,biz_024,Mitcham Plumbing and Heating,"24 Chatsworth Pl, Mitcham CR4 4NN","Mitcham, London",south_london,51.402959,-0.165912,review,https://maps.app.goo.gl/MAGaYhpJ1P8gNPyD9,52.389621,-1.626863,Residential address near coventry,52.395525,-1.584838,Work address near coventry,"51.401232,-0.183667|51.401297,-0.177783|51.4069,-0.163426|51.405968,-0.145085|51.401228,-0.163903|51.402202,-0.171561|51.396184,-0.170389|51.41076,-0.184487|51.410649,-0.180458|51.394875,-0.168936|51.399972,-0.183069|51.416557,-0.1593|51.393297,-0.158003|51.396092,-0.181|51.401192,-0.173436|51.403511,-0.148489|51.410745,-0.149775|51.401594,-0.161267|51.395164,-0.150576|51.405886,-0.184768","51.402846,-0.166044|51.402969,-0.165859|51.402837,-0.165648|51.402901,-0.166177|51.402965,-0.16592|51.402967,-0.165898|51.402956,-0.165912|51.402908,-0.166004|51.402961,-0.165908|51.403098,-0.166087","Mitcham Plumbing and Heating|Mitcham Plumbing and Heating near me|Mitcham Plumbing and Heating reviews|Mitcham Plumbing and Heating phone number|Mitcham Plumbing and Heating contact|Mitcham Plumbing and Heating opening hours|Mitcham Plumbing and Heating emergency|Mitcham Plumbing and Heating 24 hour|Mitcham Plumbing and Heating services|Mitcham Plumbing and Heating 24 Chatsworth Pl|Mitcham Plumbing and Heating Mitcham CR4 4NN|Mitcham Plumbing and Heating Mitcham, London|Mitcham Plumbing and Heating Google Maps|Mitcham Plumbing and Heating directions|Mitcham Plumbing and Heating website|Mitcham Plumbing and Heating call|Mitcham Plumbing and Heating cheap|Mitcham Plumbing and Heating best|Mitcham Plumbing and Heating local|Mitcham Plumbing and Heating address",emergency plumber near me|best plumber near me|24 hour plumber near me|cheap plumber near me|plumber near me|emergency plumbing near me|local plumber near me|plumbing services near me|gas plumber near me|boiler repair near me|drain unblocking near me|heating engineer near me|reliable plumber near me|same day plumber near me|plumbing company near me|burst pipe repair near me|central heating repair near me|toilet repair near me|affordable plumber near me|top rated plumber near me,"plumbing Mitcham, London|plumbing near Mitcham, London|plumbing Mitcham London|plumbing near Mitcham London|emergency plumbing Mitcham, London|emergency plumbing near Mitcham, London|best plumbing Mitcham, London|best plumbing near Mitcham, London|24 hour plumbing Mitcham, London|24 hour plumbing near Mitcham, London|cheap plumbing Mitcham, London|cheap plumbing near Mitcham, London|local plumbing Mitcham, London|local plumbing near Mitcham, London|gas plumbing Mitcham, London|gas plumbing near Mitcham, London|reliable plumbing Mitcham, London|reliable plumbing near Mitcham, London|same day plumbing Mitcham, London|same day plumbing near Mitcham, London",plumbing|plumbing near me|emergency plumbing|emergency plumbing near me|best plumbing|best plumbing near me|24 hour plumbing|24 hour plumbing near me|cheap plumbing|cheap plumbing near me|local plumbing|local plumbing near me|gas plumbing|gas plumbing near me|boiler repair|boiler repair near me|drain unblocking|drain unblocking near me|leak detection|leak detection near me,"51.401485,-0.165068|51.405491,-0.137934|51.392944,-0.152382|51.411772,-0.184578|51.38534,-0.167919|51.408457,-0.177091|51.402262,-0.162184|51.411121,-0.17246|51.396261,-0.162324|51.396548,-0.190189|51.387257,-0.174218|51.402808,-0.172048","51.405112,-0.164937|51.400695,-0.16585|51.402851,-0.160211|51.404723,-0.171368|51.400575,-0.170566|51.406066,-0.166945|51.401324,-0.160645|51.406192,-0.161925|51.403781,-0.159744|51.404053,-0.169152|51.405537,-0.167049|51.402246,-0.162698","51.39327,-0.177077|51.412008,-0.172615|51.418495,-0.158626|51.392248,-0.156387|51.395441,-0.162281|51.414082,-0.149744|51.399314,-0.191361|51.416664,-0.178996|51.411318,-0.141745|51.402381,-0.180268|51.399149,-0.184967|51.397751,-0.162983"
acc_036,crystalwiggins9533@gmail.com,614216863500468594,ce6ec8fa-966a-4b13-b9ff-945aa004b73a,biz_025,Woolwich Plumbing & Heating,"Windrush House, London SE18 6EL","Woolwich, London",south_east_london,51.489181,0.068107,review,https://maps.app.goo.gl/TdfVwksigLJvDmeN7,52.398466,-1.577947,Residential address near coventry,52.416903,-1.557932,Work address near coventry,"51.477977,0.081185|51.489576,0.066269|51.482095,0.063682|51.478585,0.066436|51.497958,0.06775|51.488598,0.071209|51.483455,0.059126|51.484549,0.086566|51.48628,0.069666|51.493127,0.050922|51.488714,0.068819|51.481522,0.050479|51.500978,0.071813|51.499821,0.062143|51.493905,0.087161|51.486973,0.059506|51.500458,0.061753|51.476126,0.077655|51.495924,0.084848|51.493772,0.074355","51.489169,0.068152|51.489065,0.067744|51.489228,0.068227|51.489123,0.067814|51.489402,0.068327|51.489181,0.0681|51.48944,0.068041|51.488969,0.068235|51.489216,0.068263|51.489131,0.068084","Woolwich Plumbing & Heating|Woolwich Plumbing & Heating near me|Woolwich Plumbing & Heating reviews|Woolwich Plumbing & Heating phone number|Woolwich Plumbing & Heating contact|Woolwich Plumbing & Heating opening hours|Woolwich Plumbing & Heating emergency|Woolwich Plumbing & Heating 24 hour|Woolwich Plumbing & Heating services|Woolwich Plumbing & Heating Windrush House|Woolwich Plumbing & Heating London SE18 6EL|Woolwich Plumbing & Heating Woolwich, London|Woolwich Plumbing & Heating Google Maps|Woolwich Plumbing & Heating directions|Woolwich Plumbing & Heating website|Woolwich Plumbing & Heating call|Woolwich Plumbing & Heating cheap|Woolwich Plumbing & Heating best|Woolwich Plumbing & Heating local|Woolwich Plumbing & Heating address",emergency plumber near me|best plumber near me|24 hour plumber near me|cheap plumber near me|plumber near me|emergency plumbing near me|local plumber near me|plumbing services near me|gas plumber near me|boiler repair near me|drain unblocking near me|heating engineer near me|reliable plumber near me|same day plumber near me|plumbing company near me|burst pipe repair near me|central heating repair near me|toilet repair near me|affordable plumber near me|top rated plumber near me,"plumbing Woolwich, London|plumbing near Woolwich, London|plumbing Woolwich London|plumbing near Woolwich London|emergency plumbing Woolwich, London|emergency plumbing near Woolwich, London|best plumbing Woolwich, London|best plumbing near Woolwich, London|24 hour plumbing Woolwich, London|24 hour plumbing near Woolwich, London|cheap plumbing Woolwich, London|cheap plumbing near Woolwich, London|local plumbing Woolwich, London|local plumbing near Woolwich, London|gas plumbing Woolwich, London|gas plumbing near Woolwich, London|reliable plumbing Woolwich, London|reliable plumbing near Woolwich, London|same day plumbing Woolwich, London|same day plumbing near Woolwich, London",plumbing|plumbing near me|emergency plumbing|emergency plumbing near me|best plumbing|best plumbing near me|24 hour plumbing|24 hour plumbing near me|cheap plumbing|cheap plumbing near me|local plumbing|local plumbing near me|gas plumbing|gas plumbing near me|boiler repair|boiler repair near me|drain unblocking|drain unblocking near me|leak detection|leak detection near me,"51.500036,0.076506|51.475327,0.07125|51.482955,0.091261|51.487967,0.095438|51.482706,0.055073|51.479472,0.072617|51.48843,0.06445|51.505767,0.070843|51.490824,0.048596|51.479902,0.054088|51.482348,0.067245|51.478932,0.063861","51.486388,0.068214|51.487381,0.068816|51.48994,0.072975|51.489319,0.064162|51.48861,0.063882|51.491223,0.063417|51.488198,0.066127|51.48616,0.07007|51.487321,0.066948|51.490566,0.062772|51.491776,0.06827|51.490875,0.065217","51.505257,0.063701|51.488089,0.06732|51.503895,0.080379|51.472582,0.057132|51.491419,0.08922|51.483059,0.081069|51.494413,0.054715|51.492792,0.078174|51.481646,0.047818|51.49525,0.047353|51.494439,0.065075|51.482052,0.052523"
acc_037,azariahtrevino9987@gmail.com,614216867258564675,f30a27c4-96d3-46b2-bbd1-adaa918a0cf0,biz_026,Sidcup Plumbing & Heating,"4 Station Rd, Sidcup DA15 7JU","Sidcup, London",sidcup,51.427684,0.101638,review,https://maps.app.goo.gl/vi7hxBJoB27xNtQh7,52.50395,-1.886945,Residential address near birmingham,52.462095,-1.910485,Work address near birmingham,"51.43319,0.110021|51.437879,0.098076|51.424351,0.098199|51.425614,0.099178|51.421514,0.084727|51.432415,0.110846|51.42318,0.105974|51.431494,0.090837|51.437058,0.113667|51.420235,0.118127|51.417041,0.10589|51.424495,0.11948|51.422203,0.095347|51.430835,0.112523|51.42886,0.098787|51.423846,0.116955|51.438719,0.106771|51.421675,0.10199|51.423932,0.096693|51.427184,0.10307","51.427618,0.101708|51.427695,0.101605|51.427858,0.101449|51.427652,0.10172|51.427905,0.101622|51.427659,0.101768|51.427809,0.101554|51.427485,0.101348|51.427741,0.101831|51.427582,0.101257","Sidcup Plumbing & Heating|Sidcup Plumbing & Heating near me|Sidcup Plumbing & Heating reviews|Sidcup Plumbing & Heating phone number|Sidcup Plumbing & Heating contact|Sidcup Plumbing & Heating opening hours|Sidcup Plumbing & Heating emergency|Sidcup Plumbing & Heating 24 hour|Sidcup Plumbing & Heating services|Sidcup Plumbing & Heating 4 Station Rd|Sidcup Plumbing & Heating Sidcup DA15 7JU|Sidcup Plumbing & Heating Sidcup, London|Sidcup Plumbing & Heating Google Maps|Sidcup Plumbing & Heating directions|Sidcup Plumbing & Heating website|Sidcup Plumbing & Heating call|Sidcup Plumbing & Heating cheap|Sidcup Plumbing & Heating best|Sidcup Plumbing & Heating local|Sidcup Plumbing & Heating address",emergency plumber near me|best plumber near me|24 hour plumber near me|cheap plumber near me|plumber near me|emergency plumbing near me|local plumber near me|plumbing services near me|gas plumber near me|boiler repair near me|drain unblocking near me|heating engineer near me|reliable plumber near me|same day plumber near me|plumbing company near me|burst pipe repair near me|central heating repair near me|toilet repair near me|affordable plumber near me|top rated plumber near me,"plumbing Sidcup, London|plumbing near Sidcup, London|plumbing Sidcup London|plumbing near Sidcup London|emergency plumbing Sidcup, London|emergency plumbing near Sidcup, London|best plumbing Sidcup, London|best plumbing near Sidcup, London|24 hour plumbing Sidcup, London|24 hour plumbing near Sidcup, London|cheap plumbing Sidcup, London|cheap plumbing near Sidcup, London|local plumbing Sidcup, London|local plumbing near Sidcup, London|gas plumbing Sidcup, London|gas plumbing near Sidcup, London|reliable plumbing Sidcup, London|reliable plumbing near Sidcup, London|same day plumbing Sidcup, London|same day plumbing near Sidcup, London",plumbing|plumbing near me|emergency plumbing|emergency plumbing near me|best plumbing|best plumbing near me|24 hour plumbing|24 hour plumbing near me|cheap plumbing|cheap plumbing near me|local plumbing|local plumbing near me|gas plumbing|gas plumbing near me|boiler repair|boiler repair near me|drain unblocking|drain unblocking near me|leak detection|leak detection near me,"51.419813,0.083551|51.431477,0.083588|51.417781,0.1175|51.422069,0.116455|51.430204,0.128196|51.420626,0.075241|51.425198,0.109228|51.433967,0.121424|51.437746,0.103323|51.432638,0.109493|51.414182,0.108197|51.434888,0.104971","51.423322,0.099932|51.424084,0.102641|51.430424,0.107043|51.423901,0.100117|51.431043,0.105806|51.428712,0.107845|51.429969,0.097216|51.42878,0.105129|51.431156,0.10255|51.431306,0.102555|51.427816,0.106704|51.427828,0.102028","51.431479,0.119783|51.436793,0.104866|51.412717,0.088178|51.435449,0.114573|51.416151,0.113968|51.430238,0.105394|51.440563,0.110262|51.410269,0.10301|51.430501,0.108143|51.427823,0.078309|51.423464,0.106781|51.424051,0.090596"
acc_038,priscillagiles9987@gmail.com,614216871117324355,29c7c55e-b5bc-4919-af96-eed5da2edd06,biz_027,Epsom Plumbing & Heating,"55 Station Approach, Epsom KT19 8JS","Epsom, Surrey",surrey,51.33411,-0.269295,review,https://maps.app.goo.gl/EdpANMxWtpYy6cb17,52.433694,-1.53606,Residential address near coventry,52.433689,-1.584575,Work address near coventry,"51.333904,-0.268511|51.345414,-0.264718|51.335372,-0.253097|51.329609,-0.27407|51.33609,-0.266644|51.330974,-0.263599|51.334541,-0.271006|51.339069,-0.254307|51.343799,-0.268694|51.327844,-0.276445|51.330925,-0.278748|51.329625,-0.25493|51.325325,-0.257584|51.33352,-0.267558|51.346804,-0.260285|51.334975,-0.266234|51.338,-0.269552|51.326197,-0.255019|51.325954,-0.264382|51.331742,-0.272782","51.334,-0.269423|51.334153,-0.269447|51.334105,-0.269401|51.334132,-0.269042|51.334031,-0.269368|51.334175,-0.269318|51.33408,-0.269084|51.334182,-0.269367|51.334245,-0.268951|51.334008,-0.269303","Epsom Plumbing & Heating|Epsom Plumbing & Heating near me|Epsom Plumbing & Heating reviews|Epsom Plumbing & Heating phone number|Epsom Plumbing & Heating contact|Epsom Plumbing & Heating opening hours|Epsom Plumbing & Heating emergency|Epsom Plumbing & Heating 24 hour|Epsom Plumbing & Heating services|Epsom Plumbing & Heating 55 Station Approach|Epsom Plumbing & Heating Epsom KT19 8JS|Epsom Plumbing & Heating Epsom, Surrey|Epsom Plumbing & Heating Google Maps|Epsom Plumbing & Heating directions|Epsom Plumbing & Heating website|Epsom Plumbing & Heating call|Epsom Plumbing & Heating cheap|Epsom Plumbing & Heating best|Epsom Plumbing & Heating local|Epsom Plumbing & Heating address",emergency plumber near me|best plumber near me|24 hour plumber near me|cheap plumber near me|plumber near me|emergency plumbing near me|local plumber near me|plumbing services near me|gas plumber near me|boiler repair near me|drain unblocking near me|heating engineer near me|reliable plumber near me|same day plumber near me|plumbing company near me|burst pipe repair near me|central heating repair near me|toilet repair near me|affordable plumber near me|top rated plumber near me,"plumbing Epsom, Surrey|plumbing near Epsom, Surrey|plumbing Epsom Surrey|plumbing near Epsom Surrey|emergency plumbing Epsom, Surrey|emergency plumbing near Epsom, Surrey|best plumbing Epsom, Surrey|best plumbing near Epsom, Surrey|24 hour plumbing Epsom, Surrey|24 hour plumbing near Epsom, Surrey|cheap plumbing Epsom, Surrey|cheap plumbing near Epsom, Surrey|local plumbing Epsom, Surrey|local plumbing near Epsom, Surrey|gas plumbing Epsom, Surrey|gas plumbing near Epsom, Surrey|reliable plumbing Epsom, Surrey|reliable plumbing near Epsom, Surrey|same day plumbing Epsom, Surrey|same day plumbing near Epsom, Surrey",plumbing|plumbing near me|emergency plumbing|emergency plumbing near me|best plumbing|best plumbing near me|24 hour plumbing|24 hour plumbing near me|cheap plumbing|cheap plumbing near me|local plumbing|local plumbing near me|gas plumbing|gas plumbing near me|boiler repair|boiler repair near me|drain unblocking|drain unblocking near me|leak detection|leak detection near me,"51.347004,-0.249242|51.349114,-0.259588|51.330747,-0.270585|51.33895,-0.268352|51.342193,-0.247169|51.348065,-0.283441|51.342652,-0.267927|51.348864,-0.271994|51.344974,-0.247056|51.342846,-0.269277|51.3338,-0.290941|51.348416,-0.278683","51.333038,-0.267552|51.329829,-0.271461|51.337989,-0.267217|51.335599,-0.266203|51.331238,-0.269346|51.332175,-0.264881|51.337404,-0.269974|51.335098,-0.26906|51.332152,-0.269218|51.336592,-0.2706|51.330474,-0.269139|51.332434,-0.264768","51.331624,-0.250787|51.349406,-0.264365|51.340381,-0.253319|51.338261,-0.294678|51.329521,-0.256554|51.33946,-0.244396|51.334291,-0.25772|51.337328,-0.268577|51.332747,-0.261189|51.336016,-0.250402|51.336989,-0.244693|51.318829,-0.272111"
acc_039,ellieallison9987@gmail.com,614216875076747634,2911942f-6fbc-4987-bcdf-5dd6de177a79,biz_028,Collins Plumbing & Heating Specialists,"44 Hollycroft, Hinckley LE10 0HG","Hinckley, Leicestershire",midlands,52.545329,-1.375792,review,https://maps.app.goo.gl/PzpucjUtfQXjvv1s5,52.542277,-1.419112,Residential address near midlands,52.548209,-1.363359,Work address near midlands,"52.549217,-1.387188|52.54473,-1.379696|52.537924,-1.388726|52.536365,-1.382833|52.544299,-1.38698|52.53193,-1.373369|52.55152,-1.377937|52.555423,-1.381182|52.538592,-1.395983|52.53625,-1.374302|52.536727,-1.385915|52.554735,-1.359122|52.53658,-1.368738|52.553597,-1.387034|52.544029,-1.371688|52.538229,-1.362577|52.554795,-1.36214|52.550081,-1.381924|52.533607,-1.382375|52.541723,-1.356044","52.545325,-1.37579|52.545334,-1.375765|52.545365,-1.375512|52.545323,-1.375773|52.545316,-1.375664|52.545329,-1.375797|52.545266,-1.375622|52.545222,-1.375585|52.545384,-1.375759|52.545196,-1.375943","Collins Plumbing & Heating Specialists|Collins Plumbing & Heating Specialists near me|Collins Plumbing & Heating Specialists reviews|Collins Plumbing & Heating Specialists phone number|Collins Plumbing & Heating Specialists contact|Collins Plumbing & Heating Specialists opening hours|Collins Plumbing & Heating Specialists emergency|Collins Plumbing & Heating Specialists 24 hour|Collins Plumbing & Heating Specialists services|Collins Plumbing & Heating Specialists 44 Hollycroft|Collins Plumbing & Heating Specialists Hinckley LE10 0HG|Collins Plumbing & Heating Specialists Hinckley, Leicestershire|Collins Plumbing & Heating Specialists Google Maps|Collins Plumbing & Heating Specialists directions|Collins Plumbing & Heating Specialists website|Collins Plumbing & Heating Specialists call|Collins Plumbing & Heating Specialists cheap|Collins Plumbing & Heating Specialists best|Collins Plumbing & Heating Specialists local|Collins Plumbing & Heating Specialists address",emergency plumber near me|best plumber near me|24 hour plumber near me|cheap plumber near me|plumber near me|emergency plumbing near me|local plumber near me|plumbing services near me|gas plumber near me|boiler repair near me|drain unblocking near me|heating engineer near me|reliable plumber near me|same day plumber near me|plumbing company near me|burst pipe repair near me|central heating repair near me|toilet repair near me|affordable plumber near me|top rated plumber near me,"plumbing Hinckley, Leicestershire|plumbing near Hinckley, Leicestershire|plumbing Hinckley Leicestershire|plumbing near Hinckley Leicestershire|emergency plumbing Hinckley, Leicestershire|emergency plumbing near Hinckley, Leicestershire|best plumbing Hinckley, Leicestershire|best plumbing near Hinckley, Leicestershire|24 hour plumbing Hinckley, Leicestershire|24 hour plumbing near Hinckley, Leicestershire|cheap plumbing Hinckley, Leicestershire|cheap plumbing near Hinckley, Leicestershire|local plumbing Hinckley, Leicestershire|local plumbing near Hinckley, Leicestershire|gas plumbing Hinckley, Leicestershire|gas plumbing near Hinckley, Leicestershire|reliable plumbing Hinckley, Leicestershire|reliable plumbing near Hinckley, Leicestershire|same day plumbing Hinckley, Leicestershire|same day plumbing near Hinckley, Leicestershire",plumbing|plumbing near me|emergency plumbing|emergency plumbing near me|best plumbing|best plumbing near me|24 hour plumbing|24 hour plumbing near me|cheap plumbing|cheap plumbing near me|local plumbing|local plumbing near me|gas plumbing|gas plumbing near me|boiler repair|boiler repair near me|drain unblocking|drain unblocking near me|leak detection|leak detection near me,"52.549057,-1.384011|52.544748,-1.359625|52.554133,-1.372995|52.539372,-1.383642|52.541176,-1.355071|52.538372,-1.376168|52.555707,-1.358103|52.533219,-1.393785|52.538968,-1.397733|52.55979,-1.362214|52.538866,-1.386377|52.533767,-1.389508","52.549015,-1.376371|52.541851,-1.373908|52.542915,-1.38066|52.545326,-1.373853|52.546234,-1.380829|52.544914,-1.381765|52.549062,-1.373517|52.547832,-1.375452|52.54672,-1.372867|52.547285,-1.373238|52.542082,-1.377015|52.545175,-1.382494","52.545894,-1.385946|52.532581,-1.385053|52.529366,-1.384153|52.5409,-1.351787|52.548436,-1.384341|52.562567,-1.374964|52.547547,-1.361156|52.557766,-1.365442|52.532575,-1.386436|52.54453,-1.349041|52.543778,-1.404636|52.542634,-1.360472"
acc_042,valerieparrish94387@gmail.com,614216879120056690,09352d27-b0c9-499d-8363-33230a2fe35b,biz_029,Chelsea Ward Plumbing & Heating Specialists,London SW18 1JS,"Wandsworth, London",south_west_london,51.462453,-0.191213,review,https://maps.app.goo.gl/sRkq8JHMb5PUaUgn6,51.449741,-0.170277,Residential address near south_west_london,51.479268,-0.209853,Work address near south_west_london,"51.453926,-0.201508|51.462485,-0.193601|51.46992,-0.186333|51.463802,-0.187991|51.462391,-0.198081|51.460296,-0.1738|51.448994,-0.183477|51.459011,-0.187581|51.460938,-0.195021|51.449177,-0.191828|51.457,-0.194692|51.453238,-0.187166|51.46127,-0.199389|51.463156,-0.190494|51.457885,-0.191363|51.476128,-0.189074|51.47164,-0.174246|51.475422,-0.193966|51.46835,-0.177168|51.454552,-0.195319","51.462607,-0.191388|51.462573,-0.191341|51.462389,-0.191109|51.462683,-0.191295|51.462416,-0.191365|51.46244,-0.191252|51.462449,-0.191213|51.462466,-0.191207|51.462508,-0.191286|51.462394,-0.190899","Chelsea Ward Plumbing & Heating Specialists|Chelsea Ward Plumbing & Heating Specialists near me|Chelsea Ward Plumbing & Heating Specialists reviews|Chelsea Ward Plumbing & Heating Specialists phone number|Chelsea Ward Plumbing & Heating Specialists contact|Chelsea Ward Plumbing & Heating Specialists opening hours|Chelsea Ward Plumbing & Heating Specialists emergency|Chelsea Ward Plumbing & Heating Specialists 24 hour|Chelsea Ward Plumbing & Heating Specialists services|Chelsea Ward Plumbing & Heating Specialists London SW18 1JS|Chelsea Ward Plumbing & Heating Specialists Wandsworth, London|Chelsea Ward Plumbing & Heating Specialists Google Maps|Chelsea Ward Plumbing & Heating Specialists directions|Chelsea Ward Plumbing & Heating Specialists website|Chelsea Ward Plumbing & Heating Specialists call|Chelsea Ward Plumbing & Heating Specialists cheap|Chelsea Ward Plumbing & Heating Specialists best|Chelsea Ward Plumbing & Heating Specialists local|Chelsea Ward Plumbing & Heating Specialists address|Chelsea Ward Plumbing & Heating Specialists location",emergency plumber near me|best plumber near me|24 hour plumber near me|cheap plumber near me|plumber near me|emergency plumbing near me|local plumber near me|plumbing services near me|gas plumber near me|boiler repair near me|drain unblocking near me|heating engineer near me|reliable plumber near me|same day plumber near me|plumbing company near me|burst pipe repair near me|central heating repair near me|toilet repair near me|affordable plumber near me|top rated plumber near me,"plumbing Wandsworth, London|plumbing near Wandsworth, London|plumbing Wandsworth London|plumbing near Wandsworth London|emergency plumbing Wandsworth, London|emergency plumbing near Wandsworth, London|best plumbing Wandsworth, London|best plumbing near Wandsworth, London|24 hour plumbing Wandsworth, London|24 hour plumbing near Wandsworth, London|cheap plumbing Wandsworth, London|cheap plumbing near Wandsworth, London|local plumbing Wandsworth, London|local plumbing near Wandsworth, London|gas plumbing Wandsworth, London|gas plumbing near Wandsworth, London|reliable plumbing Wandsworth, London|reliable plumbing near Wandsworth, London|same day plumbing Wandsworth, London|same day plumbing near Wandsworth, London",plumbing|plumbing near me|emergency plumbing|emergency plumbing near me|best plumbing|best plumbing near me|24 hour plumbing|24 hour plumbing near me|cheap plumbing|cheap plumbing near me|local plumbing|local plumbing near me|gas plumbing|gas plumbing near me|boiler repair|boiler repair near me|drain unblocking|drain unblocking near me|leak detection|leak detection near me,"51.453681,-0.1995|51.466567,-0.179866|51.461631,-0.177324|51.470076,-0.208587|51.454315,-0.182668|51.462899,-0.217239|51.447534,-0.189803|51.464886,-0.189334|51.476425,-0.205351|51.445984,-0.197732|51.47332,-0.187011|51.453342,-0.179932","51.466518,-0.1891|51.465917,-0.193274|51.461846,-0.192289|51.463511,-0.185941|51.463882,-0.186351|51.459683,-0.190328|51.459326,-0.188116|51.462943,-0.195795|51.461098,-0.191186|51.461834,-0.193302|51.462601,-0.189258|51.465137,-0.190215","51.476136,-0.207078|51.445273,-0.198164|51.460461,-0.187467|51.470242,-0.20642|51.453759,-0.205341|51.450506,-0.175296|51.458017,-0.205331|51.47607,-0.18647|51.475807,-0.203729|51.458342,-0.19037|51.449995,-0.196306|51.460897,-0.217972"
acc_043,jakobebranch9987@gmail.com,614216883146588530,d93b2dd6-e454-4e58-a392-3195faadbe49,biz_030,JJ Hackney Plumber,"Stephen House, 1 Darnley Rd, London E9 6QH","Hackney, London",east_london,51.544075,-0.05179,review,https://maps.app.goo.gl/HvVS1GuDyMoDUZvh6,51.543873,-0.038105,Residential address near east_london,51.52801,-0.058394,Work address near east_london,"51.535412,-0.060476|51.540689,-0.053787|51.542944,-0.060337|51.53906,-0.031624|51.545158,-0.044987|51.541707,-0.049207|51.549182,-0.067765|51.539521,-0.050145|51.542683,-0.036089|51.536661,-0.060128|51.550998,-0.042035|51.546595,-0.060953|51.55045,-0.060621|51.5492,-0.066862|51.536453,-0.036048|51.551031,-0.069485|51.547664,-0.040449|51.54658,-0.057266|51.541715,-0.05068|51.547679,-0.0387","51.544033,-0.052007|51.544072,-0.052021|51.543928,-0.051867|51.544039,-0.052044|51.544074,-0.051752|51.544106,-0.051701|51.544052,-0.051754|51.543973,-0.05193|51.544088,-0.051756|51.54419,-0.051877","JJ Hackney Plumber|JJ Hackney Plumber near me|JJ Hackney Plumber reviews|JJ Hackney Plumber phone number|JJ Hackney Plumber contact|JJ Hackney Plumber opening hours|JJ Hackney Plumber emergency|JJ Hackney Plumber 24 hour|JJ Hackney Plumber services|JJ Hackney Plumber Stephen House|JJ Hackney Plumber London E9 6QH|JJ Hackney Plumber Hackney, London|JJ Hackney Plumber Google Maps|JJ Hackney Plumber directions|JJ Hackney Plumber website|JJ Hackney Plumber call|JJ Hackney Plumber cheap|JJ Hackney Plumber best|JJ Hackney Plumber local|JJ Hackney Plumber address",emergency plumber near me|best plumber near me|24 hour plumber near me|cheap plumber near me|plumber near me|emergency plumbing near me|local plumber near me|plumbing services near me|gas plumber near me|boiler repair near me|drain unblocking near me|heating engineer near me|reliable plumber near me|same day plumber near me|plumbing company near me|burst pipe repair near me|central heating repair near me|toilet repair near me|affordable plumber near me|top rated plumber near me,"plumber Hackney, London|plumber near Hackney, London|plumber Hackney London|plumber near Hackney London|emergency plumber Hackney, London|emergency plumber near Hackney, London|best plumber Hackney, London|best plumber near Hackney, London|24 hour plumber Hackney, London|24 hour plumber near Hackney, London|cheap plumber Hackney, London|cheap plumber near Hackney, London|local plumber Hackney, London|local plumber near Hackney, London|gas plumber Hackney, London|gas plumber near Hackney, London|reliable plumber Hackney, London|reliable plumber near Hackney, London|same day plumber Hackney, London|same day plumber near Hackney, London",plumber|plumber near me|emergency plumber|emergency plumber near me|best plumber|best plumber near me|24 hour plumber|24 hour plumber near me|cheap plumber|cheap plumber near me|local plumber|local plumber near me|gas plumber|gas plumber near me|boiler repair|boiler repair near me|drain unblocking|drain unblocking near me|leak detection|leak detection near me,"51.550945,-0.055008|51.545439,-0.038135|51.548586,-0.068752|51.559024,-0.067374|51.535802,-0.03937|51.533783,-0.051296|51.541785,-0.056364|51.548219,-0.068622|51.538702,-0.05469|51.553639,-0.038589|51.553976,-0.034468|51.554839,-0.063196","51.546619,-0.055182|51.547159,-0.051574|51.544672,-0.048965|51.546208,-0.05345|51.54581,-0.055607|51.545516,-0.045512|51.545205,-0.056084|51.540805,-0.050523|51.545393,-0.049628|51.545164,-0.045083|51.543286,-0.053503|51.542849,-0.058391","51.552283,-0.063209|51.554993,-0.070416|51.553112,-0.038911|51.543598,-0.07478|51.547011,-0.03191|51.54157,-0.068006|51.547084,-0.07679|51.536746,-0.0632|51.550117,-0.026531|51.532234,-0.036819|51.54638,-0.028404|51.54534,-0.061296"
acc_044,luisamathis93437@gmail.com,614216886971793475,7d48261c-4da0-455a-8089-33de99e5768d,biz_031,Wembley Emergency Plumbers,"10 Park Pl, Wembley HA9 8DB","Wembley, London",north_london,51.557086,-0.287995,review,https://maps.app.goo.gl/8tCfEh8ye2xLecW76,51.550942,-0.324936,Residential address near north_london,51.569596,-0.290334,Work address near north_london,"51.558671,-0.299938|51.558631,-0.298341|51.553722,-0.302684|51.564319,-0.279012|51.561805,-0.274393|51.561935,-0.284721|51.566381,-0.284524|51.560978,-0.28303|51.553813,-0.30551|51.564917,-0.288069|51.551089,-0.292457|51.549577,-0.282338|51.55431,-0.266584|51.550049,-0.274187|51.555303,-0.285861|51.558152,-0.289555|51.55485,-0.310549|51.562792,-0.283795|51.562386,-0.298389|51.554797,-0.300226","51.55716,-0.287722|51.557277,-0.287713|51.557094,-0.288207|51.557001,-0.288054|51.556911,-0.287872|51.557134,-0.287813|51.557129,-0.287908|51.557,-0.287592|51.557148,-0.288205|51.557245,-0.287731","Wembley Emergency Plumbers|Wembley Emergency Plumbers near me|Wembley Emergency Plumbers reviews|Wembley Emergency Plumbers phone number|Wembley Emergency Plumbers contact|Wembley Emergency Plumbers opening hours|Wembley Emergency Plumbers emergency|Wembley Emergency Plumbers 24 hour|Wembley Emergency Plumbers services|Wembley Emergency Plumbers 10 Park Pl|Wembley Emergency Plumbers Wembley HA9 8DB|Wembley Emergency Plumbers Wembley, London|Wembley Emergency Plumbers Google Maps|Wembley Emergency Plumbers directions|Wembley Emergency Plumbers website|Wembley Emergency Plumbers call|Wembley Emergency Plumbers cheap|Wembley Emergency Plumbers best|Wembley Emergency Plumbers local|Wembley Emergency Plumbers address",emergency plumber near me|best plumber near me|24 hour plumber near me|cheap plumber near me|plumber near me|emergency plumbing near me|local plumber near me|plumbing services near me|gas plumber near me|boiler repair near me|drain unblocking near me|heating engineer near me|reliable plumber near me|same day plumber near me|plumbing company near me|burst pipe repair near me|central heating repair near me|toilet repair near me|affordable plumber near me|top rated plumber near me,"plumber Wembley, London|plumber near Wembley, London|plumber Wembley London|plumber near Wembley London|emergency plumber Wembley, London|emergency plumber near Wembley, London|best plumber Wembley, London|best plumber near Wembley, London|24 hour plumber Wembley, London|24 hour plumber near Wembley, London|cheap plumber Wembley, London|cheap plumber near Wembley, London|local plumber Wembley, London|local plumber near Wembley, London|gas plumber Wembley, London|gas plumber near Wembley, London|reliable plumber Wembley, London|reliable plumber near Wembley, London|same day plumber Wembley, London|same day plumber near Wembley, London",plumber|plumber near me|emergency plumber|emergency plumber near me|best plumber|best plumber near me|24 hour plumber|24 hour plumber near me|cheap plumber|cheap plumber near me|local plumber|local plumber near me|gas plumber|gas plumber near me|boiler repair|boiler repair near me|drain unblocking|drain unblocking near me|leak detection|leak detection near me,"51.5604,-0.278703|51.549941,-0.290377|51.555828,-0.308824|51.551759,-0.286965|51.543501,-0.28515|51.567246,-0.295667|51.553491,-0.278914|51.551653,-0.30368|51.540997,-0.29127|51.545694,-0.285193|51.56088,-0.305103|51.54495,-0.294093","51.554635,-0.288466|51.560413,-0.292391|51.559964,-0.286308|51.556797,-0.293071|51.557697,-0.294817|51.559709,-0.29376|51.559524,-0.28852|51.555183,-0.287981|51.555266,-0.290189|51.555036,-0.292324|51.555253,-0.285078|51.561068,-0.290434","51.564283,-0.291595|51.570925,-0.287869|51.545318,-0.300544|51.565497,-0.308276|51.560097,-0.278239|51.566158,-0.278345|51.549745,-0.284177|51.556424,-0.306958|51.556798,-0.289729|51.555016,-0.29351|51.557379,-0.279713|51.547829,-0.278027"
acc_045,gustavostanley92327@gmail.com,614216890796998723,bea5cc9f-0dff-4282-b1ff-2c0fc64a616d,biz_032,Havering Plumbing & Heating,"7 Manor Ave, Gidea Park, Hornchurch RM11 2EB","Hornchurch, London",east_london,51.578196,0.209044,review,https://maps.app.goo.gl/h61t8mo7zo3EgZv66,51.551559,0.200519,Residential address near east_london,51.581531,0.223712,Work address near east_london,"51.576942,0.204123|51.588846,0.212457|51.5712,0.188815|51.588893,0.201506|51.57498,0.2053|51.572759,0.19256|51.570696,0.20034|51.585061,0.195335|51.577188,0.19057|51.580112,0.218826|51.584216,0.209015|51.587328,0.191739|51.588574,0.207963|51.587889,0.201774|51.579571,0.208031|51.578399,0.222639|51.578474,0.207868|51.580164,0.215663|51.576197,0.231477|51.587819,0.224172","51.57811,0.209207|51.578108,0.208941|51.578101,0.209183|51.578249,0.209154|51.578107,0.209202|51.578224,0.209106|51.578225,0.208831|51.578231,0.209027|51.578214,0.208956|51.578049,0.20895","Havering Plumbing & Heating|Havering Plumbing & Heating near me|Havering Plumbing & Heating reviews|Havering Plumbing & Heating phone number|Havering Plumbing & Heating contact|Havering Plumbing & Heating opening hours|Havering Plumbing & Heating emergency|Havering Plumbing & Heating 24 hour|Havering Plumbing & Heating services|Havering Plumbing & Heating 7 Manor Ave|Havering Plumbing & Heating Hornchurch RM11 2EB|Havering Plumbing & Heating Hornchurch, London|Havering Plumbing & Heating Google Maps|Havering Plumbing & Heating directions|Havering Plumbing & Heating website|Havering Plumbing & Heating call|Havering Plumbing & Heating cheap|Havering Plumbing & Heating best|Havering Plumbing & Heating local|Havering Plumbing & Heating address",emergency plumber near me|best plumber near me|24 hour plumber near me|cheap plumber near me|plumber near me|emergency plumbing near me|local plumber near me|plumbing services near me|gas plumber near me|boiler repair near me|drain unblocking near me|heating engineer near me|reliable plumber near me|same day plumber near me|plumbing company near me|burst pipe repair near me|central heating repair near me|toilet repair near me|affordable plumber near me|top rated plumber near me,"plumbing Hornchurch, London|plumbing near Hornchurch, London|plumbing Hornchurch London|plumbing near Hornchurch London|emergency plumbing Hornchurch, London|emergency plumbing near Hornchurch, London|best plumbing Hornchurch, London|best plumbing near Hornchurch, London|24 hour plumbing Hornchurch, London|24 hour plumbing near Hornchurch, London|cheap plumbing Hornchurch, London|cheap plumbing near Hornchurch, London|local plumbing Hornchurch, London|local plumbing near Hornchurch, London|gas plumbing Hornchurch, London|gas plumbing near Hornchurch, London|reliable plumbing Hornchurch, London|reliable plumbing near Hornchurch, London|same day plumbing Hornchurch, London|same day plumbing near Hornchurch, London",plumbing|plumbing near me|emergency plumbing|emergency plumbing near me|best plumbing|best plumbing near me|24 hour plumbing|24 hour plumbing near me|cheap plumbing|cheap plumbing near me|local plumbing|local plumbing near me|gas plumbing|gas plumbing near me|boiler repair|boiler repair near me|drain unblocking|drain unblocking near me|leak detection|leak detection near me,"51.583943,0.219403|51.576529,0.204261|51.569712,0.211814|51.589356,0.20857|51.569829,0.210246|51.585255,0.232592|51.577548,0.212462|51.59269,0.195078|51.563904,0.199164|51.583334,0.196601|51.578008,0.206773|51.567376,0.19121","51.579002,0.211976|51.577599,0.2122|51.577424,0.210176|51.576243,0.206105|51.57515,0.21427|51.577951,0.208036|51.578115,0.21489|51.580581,0.209023|51.576066,0.202746|51.581587,0.208541|51.578368,0.212678|51.57781,0.210113","51.576143,0.182876|51.578066,0.202607|51.572229,0.232274|51.573534,0.224999|51.575507,0.197402|51.585711,0.187267|51.566632,0.207778|51.575177,0.187559|51.586514,0.209753|51.579562,0.229328|51.579843,0.201852|51.56596,0.215767"
acc_046,gracelynvillanueva9987@gmail.com,614216895242960963,18d9ddf5-2f6d-47c0-ac39-ab7ede13ce72,biz_033,HeatDoctor,"78 Cliff Walk, London E16 4HN","Canning Town, London",east_london,51.519083,0.012757,review,https://maps.app.goo.gl/UB2yfyPhsz9jLwwj6,51.530664,-0.016319,Residential address near east_london,51.523527,0.038592,Work address near east_london,"51.521744,0.008976|51.522144,0.034896|51.517536,0.008637|51.516138,0.025382|51.511086,0.009956|51.520143,0.006708|51.528215,0.017181|51.52114,0.016369|51.520028,0.013613|51.523091,0.014376|51.507966,0.025428|51.518155,0.017443|51.514314,0.013107|51.523699,0.023021|51.520856,0.012689|51.528044,0.021301|51.520166,0.012894|51.520715,0.016014|51.518447,0.013988|51.514941,0.014479","51.519053,0.012433|51.519114,0.012804|51.51884,0.012936|51.519251,0.012487|51.519068,0.012754|51.519028,0.012613|51.519065,0.012931|51.519148,0.012816|51.51909,0.012721|51.519082,0.012674","HeatDoctor|HeatDoctor near me|HeatDoctor reviews|HeatDoctor phone number|HeatDoctor contact|HeatDoctor opening hours|HeatDoctor emergency|HeatDoctor 24 hour|HeatDoctor services|HeatDoctor 78 Cliff Walk|HeatDoctor London E16 4HN|HeatDoctor Canning Town, London|HeatDoctor Google Maps|HeatDoctor directions|HeatDoctor website|HeatDoctor call|HeatDoctor cheap|HeatDoctor best|HeatDoctor local|HeatDoctor address",emergency plumber near me|best plumber near me|24 hour plumber near me|cheap plumber near me|plumber near me|emergency plumbing near me|local plumber near me|plumbing services near me|gas plumber near me|boiler repair near me|drain unblocking near me|heating engineer near me|reliable plumber near me|same day plumber near me|plumbing company near me|burst pipe repair near me|central heating repair near me|toilet repair near me|affordable plumber near me|top rated plumber near me,"plumbing Canning Town, London|plumbing near Canning Town, London|plumbing Canning Town London|plumbing near Canning Town London|emergency plumbing Canning Town, London|emergency plumbing near Canning Town, London|best plumbing Canning Town, London|best plumbing near Canning Town, London|24 hour plumbing Canning Town, London|24 hour plumbing near Canning Town, London|cheap plumbing Canning Town, London|cheap plumbing near Canning Town, London|local plumbing Canning Town, London|local plumbing near Canning Town, London|gas plumbing Canning Town, London|gas plumbing near Canning Town, London|reliable plumbing Canning Town, London|reliable plumbing near Canning Town, London|same day plumbing Canning Town, London|same day plumbing near Canning Town, London",plumbing|plumbing near me|emergency plumbing|emergency plumbing near me|best plumbing|best plumbing near me|24 hour plumbing|24 hour plumbing near me|cheap plumbing|cheap plumbing near me|local plumbing|local plumbing near me|gas plumbing|gas plumbing near me|boiler repair|boiler repair near me|drain unblocking|drain unblocking near me|leak detection|leak detection near me,"51.532393,0.031866|51.525473,0.010753|51.518059,0.008131|51.5082,0.000509|51.527074,0.028885|51.50487,0.024243|51.512635,0.003616|51.50601,0.005715|51.514619,0.023636|51.527655,0.009023|51.525522,0.026484|51.536035,0.021868","51.515654,0.008459|51.521356,0.007983|51.521337,0.014083|51.516961,0.011135|51.52253,0.012052|51.516987,0.017184|51.517373,0.006496|51.518498,0.018324|51.52028,0.010373|51.515599,0.014659|51.519242,0.007418|51.519078,0.008018","51.530268,0.031827|51.51532,0.008815|51.530724,0.017143|51.524683,-0.008526|51.521539,0.008816|51.516224,-0.003433|51.510838,-0.005364|51.531836,0.00351|51.526894,0.027384|51.522791,0.026671|51.521378,0.01356|51.52404,0.030024"
acc_047,huxleymcmillan9912@gmail.com,614216899286270322,d1007161-3313-487c-b88f-7090770f86e6,biz_034,D & S Yearling Plumbing Heating & Gas Services,"52 Kingsland Rd, London E13 9PA","East Ham, London",east_london,51.525568,0.035071,review,https://maps.app.goo.gl/cLYNsDWxsmfCyxe97,51.533381,0.037928,Residential address near east_london,51.523341,0.022164,Work address near east_london,"51.531516,0.036536|51.524195,0.029734|51.532171,0.029077|51.531139,0.034911|51.519797,0.036592|51.526809,0.034658|51.51907,0.029989|51.534393,0.033202|51.513633,0.043076|51.529584,0.03234|51.515939,0.020558|51.519362,0.042295|51.525076,0.033794|51.522025,0.03491|51.518831,0.041036|51.527262,0.032883|51.528154,0.023495|51.523607,0.034924|51.517904,0.023511|51.537618,0.032248","51.525712,0.035045|51.525564,0.035053|51.525611,0.035183|51.525479,0.03481|51.525657,0.03487|51.525578,0.035085|51.525639,0.035401|51.52551,0.03547|51.525525,0.035166|51.525566,0.035066","D & S Yearling Plumbing Heating & Gas Services|D & S Yearling Plumbing Heating & Gas Services near me|D & S Yearling Plumbing Heating & Gas Services reviews|D & S Yearling Plumbing Heating & Gas Services phone number|D & S Yearling Plumbing Heating & Gas Services contact|D & S Yearling Plumbing Heating & Gas Services opening hours|D & S Yearling Plumbing Heating & Gas Services emergency|D & S Yearling Plumbing Heating & Gas Services 24 hour|D & S Yearling Plumbing Heating & Gas Services services|D & S Yearling Plumbing Heating & Gas Services 52 Kingsland Rd|D & S Yearling Plumbing Heating & Gas Services London E13 9PA|D & S Yearling Plumbing Heating & Gas Services East Ham, London|D & S Yearling Plumbing Heating & Gas Services Google Maps|D & S Yearling Plumbing Heating & Gas Services directions|D & S Yearling Plumbing Heating & Gas Services website|D & S Yearling Plumbing Heating & Gas Services call|D & S Yearling Plumbing Heating & Gas Services cheap|D & S Yearling Plumbing Heating & Gas Services best|D & S Yearling Plumbing Heating & Gas Services local|D & S Yearling Plumbing Heating & Gas Services address",emergency plumber near me|best plumber near me|24 hour plumber near me|cheap plumber near me|plumber near me|emergency plumbing near me|local plumber near me|plumbing services near me|gas plumber near me|boiler repair near me|drain unblocking near me|heating engineer near me|reliable plumber near me|same day plumber near me|plumbing company near me|burst pipe repair near me|central heating repair near me|toilet repair near me|affordable plumber near me|top rated plumber near me,"plumbing East Ham, London|plumbing near East Ham, London|plumbing East Ham London|plumbing near East Ham London|emergency plumbing East Ham, London|emergency plumbing near East Ham, London|best plumbing East Ham, London|best plumbing near East Ham, London|24 hour plumbing East Ham, London|24 hour plumbing near East Ham, London|cheap plumbing East Ham, London|cheap plumbing near East Ham, London|local plumbing East Ham, London|local plumbing near East Ham, London|gas plumbing East Ham, London|gas plumbing near East Ham, London|reliable plumbing East Ham, London|reliable plumbing near East Ham, London|same day plumbing East Ham, London|same day plumbing near East Ham, London",plumbing|plumbing near me|emergency plumbing|emergency plumbing near me|best plumbing|best plumbing near me|24 hour plumbing|24 hour plumbing near me|cheap plumbing|cheap plumbing near me|local plumbing|local plumbing near me|gas plumbing|gas plumbing near me|boiler repair|boiler repair near me|drain unblocking|drain unblocking near me|leak detection|leak detection near me,"51.533343,0.060323|51.511279,0.027268|51.52879,0.016886|51.513671,0.029072|51.520533,0.029272|51.521674,0.040068|51.518183,0.009335|51.528783,0.0519|51.535815,0.039557|51.527693,0.063125|51.534419,0.012519|51.534473,0.039685","51.528275,0.031781|51.521334,0.035798|51.527252,0.031643|51.526983,0.039811|51.521742,0.036587|51.525022,0.034884|51.525214,0.038284|51.524342,0.036691|51.524166,0.035883|51.526059,0.037199|51.524152,0.036363|51.521917,0.039059","51.513489,0.017707|51.534342,0.057722|51.51626,0.031458|51.527734,0.012549|51.532738,0.052558|51.5235,0.017106|51.510666,0.021775|51.541699,0.035344|51.523351,0.026014|51.542213,0.027838|51.52312,0.036393|51.511095,0.029821"
acc_048,oakleighoneal9987@gmail.com,614216903581237315,325fec66-db4b-4918-8b55-8f76cafe8ccd,biz_001,Southwark Plumbers,"12 Crosby Row, London SE1 3PT","Southwark, London",south_east_london,51.501364,-0.088611,review,https://maps.app.goo.gl/GZXa2QmwNhm7hNQW9,51.523944,-0.090278,Residential address near south_east_london,51.499146,-0.122242,Work address near south_east_london,"51.49159,-0.072915|51.504243,-0.103834|51.48943,-0.078572|51.50767,-0.09772|51.501532,-0.085869|51.510793,-0.07335|51.496459,-0.100834|51.50083,-0.107878|51.50727,-0.089811|51.515538,-0.087947|51.500508,-0.08517|51.506263,-0.0886|51.514701,-0.093578|51.501005,-0.087758|51.497629,-0.078455|51.496343,-0.075957|51.501512,-0.071167|51.499724,-0.087951|51.495579,-0.087432|51.506413,-0.088938","51.50132,-0.08852|51.501382,-0.088715|51.501386,-0.08878|51.501387,-0.088691|51.501509,-0.088526|51.501292,-0.088571|51.501273,-0.088938|51.501363,-0.08853|51.501277,-0.088672|51.501398,-0.08859","Southwark Plumbers|Southwark Plumbers near me|Southwark Plumbers reviews|Southwark Plumbers phone number|Southwark Plumbers contact|Southwark Plumbers opening hours|Southwark Plumbers emergency|Southwark Plumbers 24 hour|Southwark Plumbers services|Southwark Plumbers 12 Crosby Row|Southwark Plumbers London SE1 3PT|Southwark Plumbers Southwark, London|Southwark Plumbers Google Maps|Southwark Plumbers directions|Southwark Plumbers website|Southwark Plumbers call|Southwark Plumbers cheap|Southwark Plumbers best|Southwark Plumbers local|Southwark Plumbers address",emergency plumber near me|best plumber near me|24 hour plumber near me|cheap plumber near me|plumber near me|emergency plumbing near me|local plumber near me|plumbing services near me|gas plumber near me|boiler repair near me|drain unblocking near me|heating engineer near me|reliable plumber near me|same day plumber near me|plumbing company near me|burst pipe repair near me|central heating repair near me|toilet repair near me|affordable plumber near me|top rated plumber near me,"plumber Southwark, London|plumber near Southwark, London|plumber Southwark London|plumber near Southwark London|emergency plumber Southwark, London|emergency plumber near Southwark, London|best plumber Southwark, London|best plumber near Southwark, London|24 hour plumber Southwark, London|24 hour plumber near Southwark, London|cheap plumber Southwark, London|cheap plumber near Southwark, London|local plumber Southwark, London|local plumber near Southwark, London|gas plumber Southwark, London|gas plumber near Southwark, London|reliable plumber Southwark, London|reliable plumber near Southwark, London|same day plumber Southwark, London|same day plumber near Southwark, London",plumber|plumber near me|emergency plumber|emergency plumber near me|best plumber|best plumber near me|24 hour plumber|24 hour plumber near me|cheap plumber|cheap plumber near me|local plumber|local plumber near me|gas plumber|gas plumber near me|boiler repair|boiler repair near me|drain unblocking|drain unblocking near me|leak detection|leak detection near me,"51.495375,-0.065922|51.504652,-0.098578|51.50126,-0.098562|51.503716,-0.076486|51.506395,-0.099432|51.509343,-0.096112|51.517683,-0.082255|51.498844,-0.090481|51.503779,-0.091664|51.489158,-0.085832|51.504467,-0.07332|51.498359,-0.0997","51.502826,-0.088817|51.50251,-0.094053|51.498323,-0.084181|51.500727,-0.087867|51.501896,-0.084005|51.503501,-0.087798|51.499849,-0.095402|51.499245,-0.090847|51.504157,-0.084824|51.49936,-0.091839|51.503255,-0.089416|51.501972,-0.094208","51.489611,-0.075247|51.508008,-0.101745|51.494772,-0.114413|51.486349,-0.079084|51.48998,-0.078519|51.495043,-0.078144|51.514793,-0.096159|51.509531,-0.089028|51.486373,-0.10451|51.497103,-0.077174|51.497399,-0.072994|51.512533,-0.08192"
acc_049,eddievilla9987@gmail.com,614216908010422642,5af0b77c-8f9b-4ade-830b-bafbaa09e812,biz_002,Sidcup Plumbing & Heating,"4 Station Rd, Sidcup DA15 7JU","Sidcup, London",sidcup,51.427684,0.101638,review,https://maps.app.goo.gl/vi7hxBJoB27xNtQh7,51.434483,0.097211,Residential address near sidcup,51.407172,0.101987,Work address near sidcup,"51.418444,0.118358|51.42107,0.113964|51.419106,0.114886|51.419717,0.09205|51.429406,0.094299|51.41794,0.102155|51.420407,0.096438|51.427746,0.096826|51.432855,0.097749|51.419447,0.118992|51.429226,0.105981|51.430187,0.096064|51.438754,0.100127|51.436435,0.111004|51.428056,0.102113|51.425065,0.083897|51.437498,0.094125|51.421689,0.114768|51.425302,0.089394|51.425491,0.095949","51.427765,0.101636|51.427533,0.101637|51.427551,0.101685|51.427699,0.101503|51.427562,0.101683|51.427772,0.101698|51.427851,0.101417|51.42773,0.10149|51.427704,0.10202|51.427445,0.101487","Sidcup Plumbing & Heating|Sidcup Plumbing & Heating near me|Sidcup Plumbing & Heating reviews|Sidcup Plumbing & Heating phone number|Sidcup Plumbing & Heating contact|Sidcup Plumbing & Heating opening hours|Sidcup Plumbing & Heating emergency|Sidcup Plumbing & Heating 24 hour|Sidcup Plumbing & Heating services|Sidcup Plumbing & Heating 4 Station Rd|Sidcup Plumbing & Heating Sidcup DA15 7JU|Sidcup Plumbing & Heating Sidcup, London|Sidcup Plumbing & Heating Google Maps|Sidcup Plumbing & Heating directions|Sidcup Plumbing & Heating website|Sidcup Plumbing & Heating call|Sidcup Plumbing & Heating cheap|Sidcup Plumbing & Heating best|Sidcup Plumbing & Heating local|Sidcup Plumbing & Heating address",emergency plumber near me|best plumber near me|24 hour plumber near me|cheap plumber near me|plumber near me|emergency plumbing near me|local plumber near me|plumbing services near me|gas plumber near me|boiler repair near me|drain unblocking near me|heating engineer near me|reliable plumber near me|same day plumber near me|plumbing company near me|burst pipe repair near me|central heating repair near me|toilet repair near me|affordable plumber near me|top rated plumber near me,"plumbing Sidcup, London|plumbing near Sidcup, London|plumbing Sidcup London|plumbing near Sidcup London|emergency plumbing Sidcup, London|emergency plumbing near Sidcup, London|best plumbing Sidcup, London|best plumbing near Sidcup, London|24 hour plumbing Sidcup, London|24 hour plumbing near Sidcup, London|cheap plumbing Sidcup, London|cheap plumbing near Sidcup, London|local plumbing Sidcup, London|local plumbing near Sidcup, London|gas plumbing Sidcup, London|gas plumbing near Sidcup, London|reliable plumbing Sidcup, London|reliable plumbing near Sidcup, London|same day plumbing Sidcup, London|same day plumbing near Sidcup, London",plumbing|plumbing near me|emergency plumbing|emergency plumbing near me|best plumbing|best plumbing near me|24 hour plumbing|24 hour plumbing near me|cheap plumbing|cheap plumbing near me|local plumbing|local plumbing near me|gas plumbing|gas plumbing near me|boiler repair|boiler repair near me|drain unblocking|drain unblocking near me|leak detection|leak detection near me,"51.422657,0.12895|51.427008,0.095693|51.426471,0.091412|51.422071,0.079463|51.427891,0.100174|51.44366,0.113978|51.422189,0.110238|51.432408,0.107358|51.441153,0.095918|51.417501,0.102292|51.415769,0.11981|51.425143,0.128738","51.426647,0.096971|51.429814,0.107747|51.431206,0.09914|51.431654,0.100001|51.427175,0.104081|51.428423,0.101735|51.42609,0.105087|51.430474,0.096413|51.431988,0.101375|51.424525,0.097401|51.425966,0.095605|51.429417,0.096325","51.423156,0.109895|51.433513,0.11868|51.413428,0.092219|51.433252,0.100975|51.436009,0.094684|51.437504,0.10131|51.442358,0.09139|51.440268,0.106681|51.443836,0.10398|51.42932,0.119878|51.42873,0.103396|51.435724,0.09387"
acc_050,tannerchambers9987@gmail.com,614216911852404803,ed667368-5d81-458c-b1c6-df3ecc093ba9,biz_003,Ruby Plumbers Rainham,"9 Ferro Rd, Rainham RM13 9TP","Rainham, London",east_london,51.517356,0.195738,review,https://maps.app.goo.gl/5XnChhimgSc2Sm3y8,51.51102,0.217492,Residential address near east_london,51.513321,0.191989,Work address near east_london,"51.508705,0.197646|51.512302,0.213303|51.517542,0.194478|51.513651,0.211528|51.527387,0.208705|51.517929,0.210329|51.523549,0.175123|51.509186,0.195866|51.51996,0.179623|51.520683,0.1847|51.523126,0.198828|51.525328,0.17681|51.527242,0.212032|51.528462,0.187908|51.511244,0.177753|51.508651,0.179392|51.515404,0.193084|51.512819,0.199512|51.513765,0.194486|51.514712,0.196244","51.517436,0.195987|51.517524,0.19585|51.517546,0.195934|51.517347,0.195819|51.517468,0.195563|51.51737,0.195844|51.517447,0.195553|51.517354,0.195727|51.517233,0.195698|51.517367,0.195754","Ruby Plumbers Rainham|Ruby Plumbers Rainham near me|Ruby Plumbers Rainham reviews|Ruby Plumbers Rainham phone number|Ruby Plumbers Rainham contact|Ruby Plumbers Rainham opening hours|Ruby Plumbers Rainham emergency|Ruby Plumbers Rainham 24 hour|Ruby Plumbers Rainham services|Ruby Plumbers Rainham 9 Ferro Rd|Ruby Plumbers Rainham Rainham RM13 9TP|Ruby Plumbers Rainham Rainham, London|Ruby Plumbers Rainham Google Maps|Ruby Plumbers Rainham directions|Ruby Plumbers Rainham website|Ruby Plumbers Rainham call|Ruby Plumbers Rainham cheap|Ruby Plumbers Rainham best|Ruby Plumbers Rainham local|Ruby Plumbers Rainham address",emergency plumber near me|best plumber near me|24 hour plumber near me|cheap plumber near me|plumber near me|emergency plumbing near me|local plumber near me|plumbing services near me|gas plumber near me|boiler repair near me|drain unblocking near me|heating engineer near me|reliable plumber near me|same day plumber near me|plumbing company near me|burst pipe repair near me|central heating repair near me|toilet repair near me|affordable plumber near me|top rated plumber near me,"plumber Rainham, London|plumber near Rainham, London|plumber Rainham London|plumber near Rainham London|emergency plumber Rainham, London|emergency plumber near Rainham, London|best plumber Rainham, London|best plumber near Rainham, London|24 hour plumber Rainham, London|24 hour plumber near Rainham, London|cheap plumber Rainham, London|cheap plumber near Rainham, London|local plumber Rainham, London|local plumber near Rainham, London|gas plumber Rainham, London|gas plumber near Rainham, London|reliable plumber Rainham, London|reliable plumber near Rainham, London|same day plumber Rainham, London|same day plumber near Rainham, London",plumber|plumber near me|emergency plumber|emergency plumber near me|best plumber|best plumber near me|24 hour plumber|24 hour plumber near me|cheap plumber|cheap plumber near me|local plumber|local plumber near me|gas plumber|gas plumber near me|boiler repair|boiler repair near me|drain unblocking|drain unblocking near me|leak detection|leak detection near me,"51.518479,0.176346|51.503176,0.187308|51.507019,0.198062|51.50917,0.198968|51.518404,0.206709|51.506771,0.175967|51.516345,0.196549|51.510321,0.186398|51.504345,0.215303|51.516694,0.197792|51.520537,0.193408|51.511696,0.200509","51.51834,0.190244|51.52079,0.196729|51.519746,0.189836|51.51485,0.198803|51.516422,0.197676|51.520863,0.199642|51.519356,0.197147|51.515263,0.193662|51.514914,0.19649|51.519199,0.190647|51.5175,0.196899|51.521016,0.199579","51.50592,0.194077|51.51139,0.207093|51.520349,0.202104|51.507986,0.193546|51.521581,0.211219|51.510041,0.193124|51.527062,0.209561|51.510667,0.194787|51.520888,0.168124|51.505243,0.209007|51.504464,0.187469|51.533548,0.187598"
acc_051,makaylacrane9987@gmail.com,614216915744719218,9b27a188-9827-4721-851b-7bbb2cbbd12a,biz_004,Prema Plumbing Putney,"115 Upper Richmond Rd, London SW15 2AD","Putney, London",south_west_london,51.459409,-0.214409,review,https://maps.app.goo.gl/rokJx2UXNm1MLo5J7,51.453479,-0.200239,Residential address near south_west_london,51.46737,-0.240809,Work address near south_west_london,"51.461476,-0.215798|51.456794,-0.203128|51.446596,-0.225093|51.463312,-0.224982|51.451725,-0.205544|51.463351,-0.226727|51.466019,-0.21457|51.468185,-0.22769|51.454642,-0.208385|51.469521,-0.209514|51.450591,-0.207379|51.454829,-0.21226|51.45711,-0.207714|51.462561,-0.220762|51.470724,-0.213053|51.459346,-0.213322|51.470867,-0.224157|51.461668,-0.203254|51.458685,-0.210977|51.459468,-0.223517","51.459511,-0.214426|51.459332,-0.214182|51.459411,-0.214364|51.459378,-0.214232|51.459351,-0.214413|51.459376,-0.214604|51.459379,-0.214205|51.459466,-0.214473|51.459655,-0.214481|51.459405,-0.214759","Prema Plumbing Putney|Prema Plumbing Putney near me|Prema Plumbing Putney reviews|Prema Plumbing Putney phone number|Prema Plumbing Putney contact|Prema Plumbing Putney opening hours|Prema Plumbing Putney emergency|Prema Plumbing Putney 24 hour|Prema Plumbing Putney services|Prema Plumbing Putney 115 Upper Richmond Rd|Prema Plumbing Putney London SW15 2AD|Prema Plumbing Putney Putney, London|Prema Plumbing Putney Google Maps|Prema Plumbing Putney directions|Prema Plumbing Putney website|Prema Plumbing Putney call|Prema Plumbing Putney cheap|Prema Plumbing Putney best|Prema Plumbing Putney local|Prema Plumbing Putney address",emergency plumber near me|best plumber near me|24 hour plumber near me|cheap plumber near me|plumber near me|emergency plumbing near me|local plumber near me|plumbing services near me|gas plumber near me|boiler repair near me|drain unblocking near me|heating engineer near me|reliable plumber near me|same day plumber near me|plumbing company near me|burst pipe repair near me|central heating repair near me|toilet repair near me|affordable plumber near me|top rated plumber near me,"plumbing Putney, London|plumbing near Putney, London|plumbing Putney London|plumbing near Putney London|emergency plumbing Putney, London|emergency plumbing near Putney, London|best plumbing Putney, London|best plumbing near Putney, London|24 hour plumbing Putney, London|24 hour plumbing near Putney, London|cheap plumbing Putney, London|cheap plumbing near Putney, London|local plumbing Putney, London|local plumbing near Putney, London|gas plumbing Putney, London|gas plumbing near Putney, London|reliable plumbing Putney, London|reliable plumbing near Putney, London|same day plumbing Putney, London|same day plumbing near Putney, London",plumbing|plumbing near me|emergency plumbing|emergency plumbing near me|best plumbing|best plumbing near me|24 hour plumbing|24 hour plumbing near me|cheap plumbing|cheap plumbing near me|local plumbing|local plumbing near me|gas plumbing|gas plumbing near me|boiler repair|boiler repair near me|drain unblocking|drain unblocking near me|leak detection|leak detection near me,"51.465331,-0.188845|51.453101,-0.230381|51.473279,-0.1993|51.456936,-0.240684|51.460474,-0.197737|51.454857,-0.208473|51.464326,-0.242033|51.457828,-0.201733|51.450187,-0.212531|51.455562,-0.231984|51.449543,-0.232128|51.447584,-0.226338","51.460855,-0.213885|51.457482,-0.212931|51.459258,-0.220104|51.459487,-0.216663|51.458852,-0.21249|51.463286,-0.216096|51.461579,-0.214178|51.460577,-0.207921|51.46188,-0.212678|51.455534,-0.215907|51.458614,-0.216509|51.455997,-0.213534","51.450372,-0.227078|51.4671,-0.217737|51.458239,-0.229519|51.446223,-0.197691|51.44326,-0.222847|51.444277,-0.222064|51.44884,-0.23641|51.466436,-0.231146|51.454341,-0.190887|51.447414,-0.199373|51.465797,-0.198159|51.460787,-0.205704"
